-- phpMyAdmin SQL Dump
-- version 4.5.1
-- http://www.phpmyadmin.net
--
-- Host: 127.0.0.1
-- Generation Time: Aug 22, 2017 at 10:28 AM
-- Server version: 10.1.13-MariaDB
-- PHP Version: 5.6.20

SET SQL_MODE = "NO_AUTO_VALUE_ON_ZERO";
SET time_zone = "+00:00";


/*!40101 SET @OLD_CHARACTER_SET_CLIENT=@@CHARACTER_SET_CLIENT */;
/*!40101 SET @OLD_CHARACTER_SET_RESULTS=@@CHARACTER_SET_RESULTS */;
/*!40101 SET @OLD_COLLATION_CONNECTION=@@COLLATION_CONNECTION */;
/*!40101 SET NAMES utf8mb4 */;

--
-- Database: `oswa`
--

-- --------------------------------------------------------

--
-- Table structure for table `categories`
--

CREATE TABLE `categories` (
  `id` int(11) UNSIGNED NOT NULL,
  `name` varchar(60) NOT NULL
) ENGINE=InnoDB DEFAULT CHARSET=utf8;

--
-- Dumping data for table `categories`
--

INSERT INTO `categories` (`id`, `name`) VALUES
(179, 'ARMT'),
(178, 'AVN-SPARES'),
(180, 'CANCELLED'),
(169, 'CLOTHING'),
(170, 'CLOTHING-ENGR'),
(175, 'ELEC-MED'),
(168, 'ENGR'),
(177, 'EXP-STORE'),
(167, 'GENERAL'),
(172, 'IT-EQPT'),
(173, 'IT-EQPT-SIGNAL'),
(166, 'NONE'),
(171, 'SIGNAL'),
(174, 'STY'),
(176, 'VEHICLE');

-- --------------------------------------------------------

--
-- Table structure for table `issue`
--

CREATE TABLE `issue` (
  `part_no` varchar(150) NOT NULL,
  `item_name` varchar(150) NOT NULL,
  `iv_no` varchar(150) NOT NULL,
  `unit_id` varchar(150) NOT NULL,
  `rate` int(11) NOT NULL,
  `item_demanded` int(11) NOT NULL,
  `item_issued` int(11) NOT NULL,
  `to_fol` varchar(150) NOT NULL,
  `unit` varchar(150) NOT NULL,
  `issued_by` varchar(150) NOT NULL,
  `date` datetime NOT NULL,
  `total` int(11) NOT NULL
) ENGINE=InnoDB DEFAULT CHARSET=latin1;

--
-- Dumping data for table `issue`
--

INSERT INTO `issue` (`part_no`, `item_name`, `iv_no`, `unit_id`, `rate`, `item_demanded`, `item_issued`, `to_fol`, `unit`, `issued_by`, `date`, `total`) VALUES
('0', '00', '10', '7', 10, 11, 200, '10', '10', '1', '2017-08-10 18:29:15', 0),
('123', 'qwerty', '123', '5', 0, 10, 1, '10', '2', '00', '2017-08-18 12:30:27', 1),
('+2222', '00', '111', '10', 1111, 10, 10, '1', '0', '00', '2017-08-18 14:20:27', 1),
('+2222', '00', '10', '9', 1, 1, 200, '10', '1', '00', '2017-08-20 14:47:22', 0),
('+2222', '00', '000', '12', 1, 0, 0, '0', '1', '0', '2017-08-20 14:51:09', 0);

-- --------------------------------------------------------

--
-- Table structure for table `products`
--

CREATE TABLE `products` (
  `id` int(11) UNSIGNED NOT NULL,
  `part_no` varchar(150) NOT NULL,
  `item_name` varchar(255) NOT NULL,
  `unit_id` int(11) UNSIGNED NOT NULL,
  `quantity` varchar(50) DEFAULT NULL,
  `categorie_id` int(11) UNSIGNED NOT NULL,
  `date` datetime NOT NULL,
  `last_updated` timestamp NOT NULL DEFAULT CURRENT_TIMESTAMP
) ENGINE=InnoDB DEFAULT CHARSET=utf8;

--
-- Dumping data for table `products`
--

INSERT INTO `products` (`id`, `part_no`, `item_name`, `unit_id`, `quantity`, `categorie_id`, `date`, `last_updated`) VALUES
(668, 'NIV-ENGR-0014', 'Washing Machine with Dryer ', 1, '21', 166, '2017-08-06 13:10:43', '2017-08-06 07:56:52'),
(669, 'P30005130\nNIV-GS-691413', 'Iron Table Folding', 1, '16', 168, '2017-08-06 13:10:43', '2017-08-06 07:56:52'),
(670, 'X2/UN/MSN/0701', 'Iron Electric ', 1, '24', 167, '2017-08-06 13:10:43', '2017-08-06 07:56:52'),
(671, '3510-ZO-250-5368', 'Iron Coal', 1, '13', 166, '2017-08-06 13:10:43', '2017-08-06 07:56:52'),
(672, 'GP-ENGRTA-03590\n', 'Hanging Clips', 2, '99', 167, '2017-08-06 13:10:43', '2017-08-06 07:56:52'),
(673, 'H2/UN-250-0182\nH2/UN-250-0180', 'Rope Nylon ', 3, '393', 168, '2017-08-06 13:10:43', '2017-08-06 07:56:52'),
(674, 'KD/UN/250-0238', 'Tub Plastic ', 1, '31', 167, '2017-08-06 13:10:43', '2017-08-06 07:56:52'),
(675, 'GP-GENSTO-19038', 'Bucket Plastic', 1, '374', 168, '2017-08-06 13:10:43', '2017-08-06 07:56:52'),
(676, 'H7/UN-250-0205', 'Spray Bottle', 1, '39', 166, '2017-08-06 13:10:43', '2017-08-06 07:56:52'),
(677, 'H7/UN-250-0213', 'Detergent Powder ', 4, '983', 166, '2017-08-06 13:10:43', '2017-08-06 07:56:52'),
(678, 'H7/UN-250-0122', 'Soap Dish Washing', 4, '99', 166, '2017-08-06 13:10:43', '2017-08-06 07:56:52'),
(679, 'GP-GENSTO-18884', 'Bleaching', 4, '393', 166, '2017-08-06 13:10:43', '2017-08-06 07:56:53'),
(680, 'H7/UN-250-0137', 'Robin Blue (Neel) ', 4, '197', 167, '2017-08-06 13:10:43', '2017-08-06 07:56:53'),
(681, '2520-250-7474', 'Soap Cloth Washing ', 1, '1179', 166, '2017-08-06 13:10:43', '2017-08-06 07:56:53'),
(682, 'H7/UN-250-0150', 'Washing Soda', 4, '590', 166, '2017-08-06 13:10:43', '2017-08-06 07:56:53'),
(683, '7920-ZO-250-4245', 'Brush for washing clothes', 1, '24', 166, '2017-08-06 13:10:43', '2017-08-06 07:56:53'),
(684, 'GP-GENSTO-18884', 'Bleaching Powder', 4, '197', 166, '2017-08-06 13:10:43', '2017-08-06 07:56:53'),
(685, 'H7/UN-250-0213', 'Surf', 4, '5895', 167, '2017-08-06 13:10:43', '2017-08-06 07:56:53'),
(686, 'CC/UN-250-0218', 'Cloth for Table', 3, '39', 166, '2017-08-06 13:10:43', '2017-08-06 07:56:53'),
(687, 'GP-GENSTO-16244\nKD/UN-250-0418', 'Brush for oil paint 4?', 1, '21', 169, '2017-08-06 13:10:43', '2017-08-06 07:56:53'),
(688, 'H4/UN-250-0023', 'Brush for painting', 1, '21', 167, '2017-08-06 13:10:43', '2017-08-06 07:56:53'),
(689, 'GP-GENSTO-15416\n8020-99-942-4743', 'Brush for oil paint 1?', 1, '21', 167, '2017-08-06 13:10:43', '2017-08-06 07:56:53'),
(690, 'H4/UN-250-0024', 'Brush for Writing (Perghaza)', 1, '21', 167, '2017-08-06 13:10:43', '2017-08-06 07:56:53'),
(691, 'KD/UN-250-0418', 'Brush 4? for Lime', 1, '24', 167, '2017-08-06 13:10:43', '2017-08-06 07:56:53'),
(692, 'H2/UN-250-0182', 'Rope for flag hosting', 3, '393', 167, '2017-08-06 13:10:43', '2017-08-06 07:56:53'),
(693, 'H2/UN-250-0180', 'Line (Rope for drying  Cloths)', 3, '256', 167, '2017-08-06 13:10:43', '2017-08-06 07:56:53'),
(694, 'KC/UN-250-0417', 'Matteres for pressing of Cloth', 1, '31', 166, '2017-08-06 13:10:43', '2017-08-06 07:56:53'),
(695, 'CC/UN-250-0260', 'White Cloth Sheet', 3, '71', 167, '2017-08-06 13:10:43', '2017-08-06 07:56:53'),
(696, '6145-643-1023\n6145-ZO-210-2184', 'Cable for Iron (7 x 29) 7/29', 3, '296', 169, '2017-08-06 13:10:43', '2017-08-06 07:56:53'),
(697, 'PZJ-0089-A', 'Plug for Iron (Male / F/Male)', 2, '5', 166, '2017-08-06 13:10:43', '2017-08-06 07:56:53'),
(698, 'PXE-0077-A', 'Three Shoe Socket (Socket Plastic 3 Pin)', 2, '5', 171, '2017-08-06 13:10:43', '2017-08-06 07:56:53'),
(699, '7210-ZO-250-7842', 'Naphthalene Balls (Packets)', 2, '60', 171, '2017-08-06 13:10:43', '2017-08-06 07:56:53'),
(700, 'P30000205\n5338', 'Rags (Cotton Rags)', 4, '31', 166, '2017-08-06 13:10:43', '2017-08-06 07:56:53'),
(701, 'KB/UN-250-0350', 'Toilet Paper Rolls ', 1, '314', 167, '2017-08-06 13:10:43', '2017-08-06 07:56:53'),
(702, 'H7/UN-250-0003', 'Air Freshener (100 ml)', 1, '60', 167, '2017-08-06 13:10:43', '2017-08-06 07:56:53'),
(703, 'H7/UN-250-0423', 'Mortein spray large', 1, '197', 166, '2017-08-06 13:10:43', '2017-08-06 07:56:53'),
(704, 'H7/UN-250-051', 'Phenyl ', 5, '99', 167, '2017-08-06 13:10:43', '2017-08-06 07:56:53'),
(705, '8520-ZO-250-8090', 'Toilet Soap', 1, '1671', 166, '2017-08-06 13:10:43', '2017-08-06 07:56:53'),
(706, 'NIV-GS-691296', 'Fumigation Spray Machine', 1, '6', 167, '2017-08-06 13:10:43', '2017-08-06 07:56:53'),
(707, 'H7/UN-250-0045', 'DDT Spray Machine ', 1, '21', 166, '2017-08-06 13:10:43', '2017-08-06 07:56:53'),
(708, 'H7/UN-250-0046', 'DDT / Equivalent ', 5, '2221', 167, '2017-08-06 13:10:43', '2017-08-06 07:56:53'),
(709, '3740-ZO-250-9212', 'Spray Hand Pump (Insects) ', 1, '21', 166, '2017-08-06 13:10:43', '2017-08-06 07:56:53'),
(710, '7920-ZO-250-5646', 'Broom Sweeper ', 4, '393', 167, '2017-08-06 13:10:43', '2017-08-06 07:56:53'),
(711, 'KE/UN-250-0215', 'Sweep', 6, '197', 167, '2017-08-06 13:10:43', '2017-08-06 07:56:53'),
(713, 'GP-GENSTO-10016', 'Phenyl tablets', 7, '236', 167, '2017-08-06 13:10:43', '2017-08-06 07:56:53'),
(714, 'KC/UN-250-0130', 'Mop (Pachara)', 1, '24', 166, '2017-08-06 13:10:43', '2017-08-06 07:56:53'),
(715, '7240-ZO-250-6156', 'Plastic buckets', 1, '39', 167, '2017-08-06 13:10:43', '2017-08-06 07:56:53'),
(716, 'KF/UN-250-0156', 'Plastic mugs', 1, '99', 166, '2017-08-06 13:10:43', '2017-08-06 07:56:53'),
(717, '7240-ZO-250-7209\n4210-ZO-152-6006', 'Iron / steel bucket', 1, '21', 166, '2017-08-06 13:10:43', '2017-08-06 07:56:53'),
(718, 'KF/UN-250-0124', 'Lota Plastic', 1, '374', 167, '2017-08-06 13:10:43', '2017-08-06 07:56:53'),
(719, 'H7/UN-250-0744', 'Vim powder', 4, '296', 167, '2017-08-06 13:10:43', '2017-08-06 07:56:53'),
(720, 'H7/UN-250-051', 'Phenyl (Tablet)', 4, '49', 166, '2017-08-06 13:10:43', '2017-08-06 07:56:53'),
(722, 'H4/UN-250-0264', 'Wiper ', 1, '60', 167, '2017-08-06 13:10:43', '2017-08-06 07:56:53'),
(723, '7105-ZO-250-4668', 'Bed Stead Folding Steel Tubing', 1, '1533', 167, '2017-08-06 13:10:43', '2017-08-06 07:56:53'),
(724, 'UN-MSN-0474', 'Almirah Folding ', 1, '786', 167, '2017-08-06 13:10:43', '2017-08-06 07:56:53'),
(725, 'PXE-0073-A', 'Table Lamps  with energy savers', 1, '786', 167, '2017-08-06 13:10:43', '2017-08-06 07:56:54'),
(726, 'UN-MSN-0287\nX5/6240-ZO-215-5854', 'Energy Saver (12W) Philips Screw holder types)', 1, '393', 171, '2017-08-06 13:10:43', '2017-08-06 07:56:54'),
(727, 'H4/Un-251-1611-0505', 'Side Table ', 1, '492', 171, '2017-08-06 13:10:43', '2017-08-06 07:56:54'),
(728, 'H4/UN-250-0400', 'Sofa Set 7 Seater Offrs Mess', 8, '9', 167, '2017-08-06 13:10:43', '2017-08-06 07:56:54'),
(729, 'H4/UN-250-0400', 'Sofa Set 7 Seater JCOs Mess', 8, '6', 167, '2017-08-06 13:10:43', '2017-08-06 07:56:54'),
(730, 'KF/UN-250-0335', 'Teapoy set Offrs Mess', 8, '8', 167, '2017-08-06 13:10:43', '2017-08-06 07:56:54'),
(731, 'KF/UN-250-0335', 'Teapoy set JCOs Mess', 8, '6', 167, '2017-08-06 13:10:43', '2017-08-06 07:56:54'),
(732, 'KD/UN-250-0039', 'Curtains Offrs Mess (Set of 4 pieces)', 8, '49', 167, '2017-08-06 13:10:43', '2017-08-06 07:56:54'),
(733, 'CC/UN-250-0038', 'Curtains Railings', 1, '49', 167, '2017-08-06 13:10:43', '2017-08-06 07:56:54'),
(734, 'NIV-ES-2850', 'Pedestal Fan', 1, '99', 169, '2017-08-06 13:10:43', '2017-08-06 07:56:54'),
(735, 'H4/UN-250-0402', 'Center Table (Offrs Mess)', 1, '9', 168, '2017-08-06 13:10:43', '2017-08-06 07:56:54'),
(736, '4120-ZO-211-7434', 'AC1.5 ton window ', 1, '69', 167, '2017-08-06 13:10:43', '2017-08-06 07:56:54'),
(737, 'KD/UN-250-0017', 'Bed Folding Shoe', 1, '3930', 168, '2017-08-06 13:10:43', '2017-08-06 07:56:54'),
(738, '7210-ZO-250-0711', 'Mattress 6?x 3?x4? Molti Foam / Mattress P/Foam Type (as per size of Bed Folding)', 1, '1533', 167, '2017-08-06 13:10:43', '2017-08-06 07:56:54'),
(739, 'PXE-0074-A', 'Electric insect killer', 1, '30', 169, '2017-08-06 13:10:43', '2017-08-06 07:56:54'),
(740, 'H4/UN-250-0415', 'Wooden Beds alongwith Mattress (Only Wooden Bed 3'' x 2?'' X 2?")', 1, '79', 166, '2017-08-06 13:10:43', '2017-08-06 07:56:54'),
(741, '', 'Mattress', 72, '0', 167, '2017-08-06 13:10:43', '2017-08-06 07:56:54'),
(742, 'J1/UN-250-0190', 'Shamyana (std size)', 1, '13', 166, '2017-08-06 13:10:43', '2017-08-06 07:56:54'),
(743, 'J1/UN-250-0174', 'Qanat (20? x 7?)', 1, '39', 167, '2017-08-06 13:10:43', '2017-08-06 07:56:54'),
(744, 'J1/UN-250-0243', 'Velcro for Margallah Tent ', 3, '126', 167, '2017-08-06 13:10:43', '2017-08-06 07:56:54'),
(745, 'KC/UN-250-0379', 'Bed Sheet Single Bed with Pillow cover', 1, '99', 167, '2017-08-06 13:10:43', '2017-08-06 07:56:54'),
(746, '7210-ZO-250-3713\nKC/UN-251-1704-1131', 'Bed Sheet Double Bed with Pillow cover', 1, '5', 167, '2017-08-06 13:10:43', '2017-08-06 07:56:54'),
(747, '', 'Pillow Cover', 1, '5', 166, '2017-08-06 13:10:43', '2017-08-06 07:56:54'),
(748, 'H4/UN-250-0412', 'Bed Wrought Iron Single alongwith Mattress', 1, '21', 169, '2017-08-06 13:10:43', '2017-08-06 07:56:54'),
(749, 'H4/UN-250-0413', 'Bed Wooden Double (Spec) alongwith Mattress', 1, '1.5', 167, '2017-08-06 13:10:43', '2017-08-06 07:56:54'),
(750, 'KD/UN-250-0062', 'Mattress Double Bed', 1, '2', 167, '2017-08-06 13:10:43', '2017-08-06 07:56:54'),
(751, 'GP-GENSTO-18975\nPJA-0366\n5120-ZO-250-1241', 'Shovel GS Mk-3 (Shovel Hand GS)', 1, '197', 167, '2017-08-06 13:10:43', '2017-08-06 07:56:54'),
(752, '5120-ZO-250-1194', 'Axes Pick 4 ? Lbs', 1, '99', 167, '2017-08-06 13:10:43', '2017-08-06 07:56:54'),
(753, 'GP-GENSTO-17624\nJA-0064\n5110-ZO-250-1023', 'Axes Filling', 1, '99', 167, '2017-08-06 13:10:43', '2017-08-06 07:56:54'),
(754, '5120-ZO-250-1194\n5120-ZO-250-1111', 'Pick Extending Head with halves', 1, '99', 166, '2017-08-06 13:10:43', '2017-08-06 07:56:54'),
(755, 'GP-GENSTO-18654\nJ1/UN-250-0280\nPJA-0652', 'Shovels Extending  with halves', 1, '99', 167, '2017-08-06 13:10:43', '2017-08-06 07:56:54'),
(756, '5110-ZO-250-7473\n5110-ZO-250-7572', 'Kahi with halves', 1, '99', 166, '2017-08-06 13:10:43', '2017-08-06 07:56:54'),
(757, 'GP-GENSTO-18664\nPJA-0065', 'Axes Felling Halves', 1, '99', 166, '2017-08-06 13:10:43', '2017-08-06 07:56:54'),
(758, 'GP-GENSTO-12779\n5120-ZO-250-1117', 'Axes Pick Halves', 1, '99', 167, '2017-08-06 13:10:43', '2017-08-06 07:56:54'),
(759, '5120-ZO-250-1112', 'Pick Extending Halves', 1, '99', 167, '2017-08-06 13:10:43', '2017-08-06 07:56:54'),
(760, 'GP-GENSTO-12888\nPJA-367\n5120-ZO-250-1116', 'Shovel GS Halves (Shovel GS W/Straight Handle)', 1, '99', 167, '2017-08-06 13:10:43', '2017-08-06 07:56:54'),
(761, '5110-ZO-250-7572', 'Kahi Halves', 1, '99', 167, '2017-08-06 13:10:43', '2017-08-06 07:56:54'),
(762, 'UN/MSN/0567', 'Fire Extinguishers Medium Size (ABC Type) ', 1, '99', 167, '2017-08-06 13:10:43', '2017-08-06 07:56:54'),
(763, 'GP-GENSTO-19096\n7240-ZO-250-7209', 'Pails', 1, '99', 166, '2017-08-06 13:10:43', '2017-08-06 07:56:54'),
(764, 'UN-MSN-0566', 'Fire Extinguisher ABC for Vehs', 1, '354', 167, '2017-08-06 13:10:43', '2017-08-06 07:56:54'),
(765, '4210-ZO-150-6003', 'Fire Beater', 1, '24', 167, '2017-08-06 13:10:43', '2017-08-06 07:56:55'),
(766, '482100041\n4210-ZO-152-6040', 'Fire Hook 20?', 1, '24', 166, '2017-08-06 13:10:43', '2017-08-06 07:56:55'),
(767, '5120-ZO-150-4025', 'Crow Bar 6? ', 1, '24', 167, '2017-08-06 13:10:43', '2017-08-06 07:56:55'),
(768, 'UN-MSN-0256', 'Ladder Extending  alongwith Rope (20?)', 8, '8', 167, '2017-08-06 13:10:43', '2017-08-06 07:56:55'),
(769, '4210-ZO-152-6037', 'Fire Extinguishers 30/34 Gln Soda', 1, '1', 167, '2017-08-06 13:10:43', '2017-08-06 07:56:55'),
(770, '4210-ZO-152-6031', 'Fire Extinguishers 30/34 Gln Foam', 1, '1', 166, '2017-08-06 13:10:43', '2017-08-06 07:56:55'),
(771, '4210-ZO-152-6034', 'Fire Extinguishers 2 Gln Soda', 1, '5', 166, '2017-08-06 13:10:43', '2017-08-06 07:56:55'),
(772, '4210-ZO-152-6027', 'Fire Extinguishers 2 Gln Foam', 1, '5', 167, '2017-08-06 13:10:43', '2017-08-06 07:56:55'),
(773, '4210-ZO-152-6036', 'Fire Ext 02 Gln Soda Acid Chargers', 1, '24', 167, '2017-08-06 13:10:43', '2017-08-06 07:56:55'),
(774, '4210-ZO-152-6038', 'Fire Ext 30/34 Gln Soda Acid Chargers', 1, '24', 167, '2017-08-06 13:10:43', '2017-08-06 07:56:55'),
(775, '4210-ZO-152-6029', 'Fire Ext 02 Gln Foam  Chargers', 1, '24', 167, '2017-08-06 13:10:43', '2017-08-06 07:56:55'),
(776, '4210-ZO-152-6032', 'Fire Ext 30/34 Gln Foam Chargers', 1, '24', 167, '2017-08-06 13:10:43', '2017-08-06 07:56:55'),
(777, 'PZZC-0805-A', 'LCD 40? with rack and wall mount', 1, '8', 167, '2017-08-06 13:10:43', '2017-08-06 07:56:55'),
(778, 'PZZC-0810-A', 'LCD 52? (Sldrs recreation Room) with rack and wall mount', 1, '5', 174, '2017-08-06 13:10:43', '2017-08-06 07:56:55'),
(779, 'PZZC-0804-A', 'LED 32? with rack and wall mount', 1, '8', 174, '2017-08-06 13:10:43', '2017-08-06 07:56:55'),
(780, 'PZZC-0802-A', 'Home entertainment Sys', 1, '1', 174, '2017-08-06 13:10:43', '2017-08-06 07:56:55'),
(781, 'KD/UN-250-0064', 'Dumbles (5,7,10,15 Kg)', 9, '16', 166, '2017-08-06 13:10:43', '2017-08-06 07:56:55'),
(782, 'KF/UN-250-0193', 'Single Rod for Bench press with Plates (2,5,10 & 20 Kg)', 8, '8', 167, '2017-08-06 13:10:43', '2017-08-06 07:56:55'),
(783, 'KF/UN-250-0092', 'Hand Spring Grip (Pairs)', 1, '16', 167, '2017-08-06 13:10:43', '2017-08-06 07:56:55'),
(784, '', 'Heavy Multi Gym Set complete (5 or 6 sta)', 8, '5', 167, '2017-08-06 13:10:43', '2017-08-06 07:56:55'),
(785, 'CC/UN-250-0068', 'Ex Matt', 1, '21', 166, '2017-08-06 13:10:43', '2017-08-06 07:56:55'),
(786, 'KC/UN-250-0245', 'Volley Balls', 1, '39', 167, '2017-08-06 13:10:43', '2017-08-06 07:56:55'),
(787, 'KD/UN-250-0167', 'Volley Ball Net with poles', 1, '13', 166, '2017-08-06 13:10:43', '2017-08-06 07:56:55'),
(788, 'KC/UN-250-0073', 'Foot Balls', 1, '60', 167, '2017-08-06 13:10:43', '2017-08-06 07:56:55'),
(789, 'KC/UN-250-0034', 'Cricket Set (2 x Bats , 2 x Stump Pairs)', 1, '24', 167, '2017-08-06 13:10:43', '2017-08-06 07:56:55'),
(790, 'KC/UN-250-0228', 'Tennis Balls', 1, '71', 167, '2017-08-06 13:10:43', '2017-08-06 07:56:55'),
(791, 'H4/UN-250-0007', 'Badminton', 8, '13', 166, '2017-08-06 13:10:43', '2017-08-06 07:56:55'),
(792, 'H4/UN-250-0114', 'Karum Board ', 1, '16', 167, '2017-08-06 13:10:43', '2017-08-06 07:56:55'),
(793, 'KD/UN-250-0165', 'Basket Balls (with poles/nets)', 8, '5', 166, '2017-08-06 13:10:43', '2017-08-06 07:56:55'),
(794, 'CD/UN-250-0221', 'Table Tennis Rackets', 9, '24', 167, '2017-08-06 13:10:43', '2017-08-06 07:56:55'),
(795, 'CD/UN-250-0220', 'Table Tennis (Table & Net) Set', 1, '6', 169, '2017-08-06 13:10:43', '2017-08-06 07:56:55'),
(796, 'UN-250-0311', 'Card Game ', 8, '79', 169, '2017-08-06 13:10:43', '2017-08-06 07:56:55'),
(797, 'KF/UN-250-0029', 'Chair Plastic', 1, '31', 167, '2017-08-06 13:10:43', '2017-08-06 07:56:55'),
(798, 'UN/250-0217', 'Table (Table Plastic)', 1, '8', 167, '2017-08-06 13:10:43', '2017-08-06 07:56:55'),
(799, 'CC/UN-250-0210', 'Suff (40 each)', 1, '39', 167, '2017-08-06 13:10:43', '2017-08-06 07:56:56'),
(800, '52304-900S', 'PA Eqpt with accys / assemblies mentioned in remarks colm', 1, '5', 169, '2017-08-06 13:10:43', '2017-08-06 07:56:56'),
(801, 'STY/MO/UN/MSN/0066', 'Sets of Quran (Suparas)', 8, '39', 166, '2017-08-06 13:10:43', '2017-08-06 07:56:56'),
(802, 'H4/UN-250-04087', 'Folding Almirah for Suparas', 1, '9', 174, '2017-08-06 13:10:43', '2017-08-06 07:56:56'),
(803, 'Z29/PZZC/0820/A', 'Dish Receiver complete (with 1  year card)', 8, '8', 167, '2017-08-06 13:10:43', '2017-08-06 07:56:56'),
(804, 'PZZK-0220/A', 'Stablizer 3600 watts', 1, '9', 167, '2017-08-06 13:10:43', '2017-08-06 07:56:56'),
(805, 'PZZC-0802-A', 'Home Entertainment Sys (Aduionic) ', 8, '5', 166, '2017-08-06 13:10:43', '2017-08-06 07:56:56'),
(806, 'PZZC-0794-A', 'Cptr with key bd, 15? LCD Monitor, Optical Mouse ', 8, '9', 166, '2017-08-06 13:10:43', '2017-08-06 07:56:56'),
(807, 'PZZC-0807-A', 'Web Cam', 1, '5', 167, '2017-08-06 13:10:43', '2017-08-06 07:56:56'),
(808, 'PZZC-0806-A', 'Mic / Head Phone', 1, '14', 174, '2017-08-06 13:10:43', '2017-08-06 07:56:56'),
(809, '481000116\nNIV-SS-UN-2124', 'Stablizer 5000 Watts', 1, '9', 174, '2017-08-06 13:10:43', '2017-08-06 07:56:56'),
(810, 'PZZF-0479-A', 'D Link Switch ', 1, '9', 174, '2017-08-06 13:10:43', '2017-08-06 07:56:56'),
(811, 'Z32/PZZC/0783/A', 'Lan Cable ', 3, '983', 167, '2017-08-06 13:10:43', '2017-08-06 07:56:56'),
(812, '6660-265-6329', 'Lan Cable Tester', 1, '9', 174, '2017-08-06 13:10:43', '2017-08-06 07:56:56'),
(813, 'Z29/PZZC/0789/A', 'Clips (Connector Cable for Net)', 2, '21', 174, '2017-08-06 13:10:43', '2017-08-06 07:56:56'),
(814, 'GP-GENSTO-16258\nFA-0866', 'Clipper', 1, '9', 167, '2017-08-06 13:10:43', '2017-08-06 07:56:56'),
(815, 'KD/UN-250-0165,0167', 'Poles (Volley Ball Net/Basket Ball)', 8, '5', 167, '2017-08-06 13:10:43', '2017-08-06 07:56:56'),
(816, 'KC/UN-250-0033', 'Cricket Bat', 1, '21', 166, '2017-08-06 13:10:43', '2017-08-06 07:56:56'),
(817, 'KC/UN-250-0096', 'Hockey', 1, '47', 169, '2017-08-06 13:10:43', '2017-08-06 07:56:56'),
(818, 'KC/UN-250-0097', 'Hockey Balls', 1, '21', 169, '2017-08-06 13:10:43', '2017-08-06 07:56:56'),
(819, 'KC/UN-250-0098', 'Hockey goal keeper kit', 1, '5', 169, '2017-08-06 13:10:43', '2017-08-06 07:56:56'),
(820, 'KC/UN-250-0231', 'Tennis Rackets', 1, '21', 169, '2017-08-06 13:10:43', '2017-08-06 07:56:56'),
(821, 'KD/UN-250-0166', 'Foot Ball poles with net', 1, '5', 169, '2017-08-06 13:10:43', '2017-08-06 07:56:56'),
(822, 'KC/UN-250-0012', 'Base ball bats', 1, '9', 167, '2017-08-06 13:10:43', '2017-08-06 07:56:56'),
(823, 'KC/UN-250-0011', 'Base ball', 1, '39', 169, '2017-08-06 13:10:43', '2017-08-06 07:56:56'),
(824, 'KC/UN-250-0089', 'Hand Ball', 1, '30', 169, '2017-08-06 13:10:43', '2017-08-06 07:56:56'),
(825, 'KC/UN-250-0090', 'Hand Ball Poles with Net', 1, '5', 169, '2017-08-06 13:10:43', '2017-08-06 07:56:56'),
(826, 'KC/UN-250-0100', 'Hockey Shin Pad ', 9, '47', 169, '2017-08-06 13:10:43', '2017-08-06 07:56:56'),
(827, 'KC/UN-250-0014', 'Base Ball Gloves', 9, '47', 169, '2017-08-06 13:10:43', '2017-08-06 07:56:56'),
(828, 'KC/UN-250-0013', 'Base Ball Batting Helmet', 1, '16', 169, '2017-08-06 13:10:43', '2017-08-06 07:56:56'),
(829, 'KC/UN-250-0115', 'Keeper Kit (Complete Base Ball)', 1, '5', 169, '2017-08-06 13:10:43', '2017-08-06 07:56:56'),
(830, 'H7/UN-250-0203', 'Sports whistle', 2, '1', 169, '2017-08-06 13:10:43', '2017-08-06 07:56:56'),
(831, 'KC/UN-250-0185', 'Safe Guard', 1, '24', 166, '2017-08-06 13:10:43', '2017-08-06 07:56:56'),
(832, 'KC/UN-250-0099', 'Hockey Pole with Net', 8, '1', 167, '2017-08-06 13:10:43', '2017-08-06 07:56:56'),
(833, 'KC/UN-250-0229', 'Tennis Net', 1, '8', 166, '2017-08-06 13:10:43', '2017-08-06 07:56:56'),
(834, 'KC/UN-250-0230', 'Tennis Pole ', 9, '8', 169, '2017-08-06 13:10:43', '2017-08-06 07:56:56'),
(835, '', 'Exercise /Gym Bench Set', 1, '3', 167, '2017-08-06 13:10:43', '2017-08-06 07:56:56'),
(836, 'H7/UN-250-0004', 'Air pump with nozels for football/volley balls', 1, '8', 166, '2017-08-06 13:10:43', '2017-08-06 07:56:56'),
(837, 'PZZC-0809/A\nZ29/PZZC/0820/A', 'Dish Receiver Complete Pak Chanel with 6? Fiber Antenna', 1, '1', 167, '2017-08-06 13:10:43', '2017-08-06 07:56:56'),
(838, 'PZZC/0788/A', 'Dish Cable RGS-7', 3, '393', 173, '2017-08-06 13:10:43', '2017-08-06 07:56:56'),
(839, 'Z29/PZZC/0816/A', 'Dish Connector RGS-7', 2, '21', 172, '2017-08-06 13:10:43', '2017-08-06 07:56:56'),
(840, 'Z29/PZZC/0816/A', 'Dish Connector RGS-8', 1, '9', 167, '2017-08-06 13:10:43', '2017-08-06 07:56:56'),
(841, 'NIV-SS-UN-344', 'Net Line Cable', 3, '590', 167, '2017-08-06 13:10:43', '2017-08-06 07:56:56'),
(842, 'Z29/PZZC/0789/A', 'Net Cable Connector', 2, '21', 171, '2017-08-06 13:10:43', '2017-08-06 07:56:56'),
(843, 'H4/UN-250-0376', 'Chair Hair Cut', 1, '21', 167, '2017-08-06 13:10:43', '2017-08-06 07:56:56'),
(844, 'kd/un-251-1611-0511', 'Mirror (3?x2?)', 1, '21', 167, '2017-08-06 13:10:43', '2017-08-06 07:56:56'),
(845, 'STY/MO/UN/MSN/0066', 'Show Cases 5?', 1, '13', 166, '2017-08-06 13:10:43', '2017-08-06 07:56:56'),
(846, 'GP-GENSTO-18746\nKF/PKF-1543', 'Cutting Machine (Elect)', 1, '13', 167, '2017-08-06 13:10:43', '2017-08-06 07:56:56'),
(847, 'J-KF/3950-ZO-250-5263', 'Cutting Machine (Manual)', 1, '24', 167, '2017-08-06 13:10:43', '2017-08-06 07:56:56'),
(848, '3590-ZO-250-3471', 'Scissors (Barber)', 9, '63', 166, '2017-08-06 13:10:43', '2017-08-06 07:56:56'),
(849, '8630-ZO-250-4197', 'Hair Cleaning Brush ', 1, '24', 167, '2017-08-06 13:10:43', '2017-08-06 07:56:56'),
(850, 'KF/UN-250-0191', 'Shower Bottles', 1, '24', 166, '2017-08-06 13:10:43', '2017-08-06 07:56:56'),
(851, 'KF/UN-250-0088', 'Hair Cutting Cloth', 1, '24', 167, '2017-08-06 13:10:43', '2017-08-06 07:56:57'),
(852, '33104582', 'Tweezer ', 1, '13', 167, '2017-08-06 13:10:43', '2017-08-06 07:56:57'),
(853, '5120-ZO-250-6747\nKF/UN-251-1701-0616', 'Blades', 7, '2162', 168, '2017-08-06 13:10:43', '2017-08-06 07:56:57'),
(854, '8530-ZO-250-3406', 'Comb', 1, '79', 167, '2017-08-06 13:10:43', '2017-08-06 07:56:57'),
(855, '8530-ZO-250-3419', 'Nail cutter', 1, '5', 167, '2017-08-06 13:10:43', '2017-08-06 07:56:57'),
(856, 'H4/UN-250-0262', 'White sheet plastic', 1, '13', 167, '2017-08-06 13:10:43', '2017-08-06 07:56:57'),
(857, '7210-ZO-250-4754', 'Towel large', 2, '6', 167, '2017-08-06 13:10:43', '2017-08-06 07:56:57'),
(858, '6505-ZO-250-1743', 'Detol large size', 6, '71', 169, '2017-08-06 13:10:43', '2017-08-06 07:56:57'),
(859, '8530-ZO-250-3840', 'Steel razors (Ustray)', 1, '91', 167, '2017-08-06 13:10:43', '2017-08-06 07:56:57'),
(860, 'H4/UN-250-0150', 'Perfumed powder (Black Cat)', 6, '47', 167, '2017-08-06 13:10:43', '2017-08-06 07:56:57'),
(861, 'H4/UN-250-0002', 'After shave cream (Old Spice)', 2, '8', 167, '2017-08-06 13:10:43', '2017-08-06 07:56:57'),
(862, '3590-ZO-250-3443', 'Barber bag', 1, '9', 167, '2017-08-06 13:10:43', '2017-08-06 07:56:57'),
(863, '7210-ZO-250-4755', 'Towel Medium (White)', 2, '5', 167, '2017-08-06 13:10:43', '2017-08-06 07:56:57'),
(864, 'KD/UN-250-0123', 'Looking Mirror 2?x2', 1, '39', 169, '2017-08-06 13:10:43', '2017-08-06 07:56:57'),
(865, 'KE/UN-250-0327', 'Shaving Cup', 1, '21', 167, '2017-08-06 13:10:43', '2017-08-06 07:56:57'),
(866, 'KE/UN-250-0326', 'Shaving Cream', 1, '197', 167, '2017-08-06 13:10:43', '2017-08-06 07:56:57'),
(867, 'KF/UN-250-0317', 'Elec Trimmer Nose', 1, '9', 167, '2017-08-06 13:10:43', '2017-08-06 07:56:57'),
(868, 'KF/UN-250-0336', 'Thin Hair Trimmer for Khat (Elec)', 1, '9', 167, '2017-08-06 13:10:43', '2017-08-06 07:56:57'),
(869, 'Z20/PZT/5999/A', 'Elec Sterilizer', 1, '5', 166, '2017-08-06 13:10:43', '2017-08-06 07:56:57'),
(870, 'GP-GENSTO-18746\nKE/UN-250-0326', 'Shaving Machine  Electric with Accessories (Panasonic)', 1, '9', 175, '2017-08-06 13:10:43', '2017-08-06 07:56:57'),
(871, 'KF/UN-250-0293', 'Clip for Mirror', 1, '157', 167, '2017-08-06 13:10:43', '2017-08-06 07:56:57'),
(872, 'X2/UN-MSN-0692', 'Toaster', 1, '8', 167, '2017-08-06 13:10:43', '2017-08-06 07:56:57'),
(873, 'PWT-0081', 'Deep Freezer 15 cu ft', 1, '8', 166, '2017-08-06 13:10:43', '2017-08-06 07:56:57'),
(874, 'KD/UN/MSN/0663', 'Citrus Juicer Capacity 1.5 Lit', 1, '9', 168, '2017-08-06 13:10:43', '2017-08-06 07:56:57'),
(875, 'KD/UN/MSN/0664', 'Food Factory ', 1, '5', 167, '2017-08-06 13:10:43', '2017-08-06 07:56:57'),
(876, '7330-ZO-250-5389', 'Mince Machine (Manual) ', 1, '9', 167, '2017-08-06 13:10:43', '2017-08-06 07:56:57'),
(877, 'PWT-0082-A', 'Ice Cream Machine (Manual )', 1, '1', 166, '2017-08-06 13:10:43', '2017-08-06 07:56:57'),
(878, 'KF/UN-250-0422', 'Dough Machine (Manual)', 1, '9', 166, '2017-08-06 13:10:43', '2017-08-06 07:56:57'),
(879, '', 'Tub Iron 14 guage ', 1, '9', 167, '2017-08-06 13:10:43', '2017-08-06 07:56:57'),
(880, '7360-ZO-250-5279', 'Tawa Iron', 1, '30', 166, '2017-08-06 13:10:43', '2017-08-06 07:56:57'),
(881, 'UN-250-0279', 'Tandoor Steel', 1, '21', 167, '2017-08-06 13:10:43', '2017-08-06 07:56:57'),
(882, '7310-ZO-250-5440', 'Stove (Elec) 4 x Burner', 1, '21', 166, '2017-08-06 13:10:43', '2017-08-06 07:56:57'),
(883, '7330-ZO-250-6101\nKF/UN-251-1611-0520', 'Pressure Cooker ', 1, '30', 167, '2017-08-06 13:10:43', '2017-08-06 07:56:57'),
(884, 'KD/UN-250-0080', 'Glass ? JCO Mess', 2, '25', 167, '2017-08-06 13:10:43', '2017-08-06 07:56:57'),
(885, 'UN-250-0276', 'Daigcha 24 Inch', 1, '21', 167, '2017-08-06 13:10:43', '2017-08-06 07:56:57'),
(886, 'UN-250-0275', 'Daigcha 18 inch ', 1, '21', 167, '2017-08-06 13:10:43', '2017-08-06 07:56:57'),
(887, 'UN-250-0274', 'Daigcha 14 inch', 1, '9', 167, '2017-08-06 13:10:43', '2017-08-06 07:56:57'),
(888, 'KF/UN-251-1703-0957', 'Fry Pan non Stick', 1, '21', 167, '2017-08-06 13:10:43', '2017-08-06 07:56:57'),
(889, 'KD/UN-250-0009', 'Bar-B-Que Aneghte (8ftx 3 ft)', 1, '8', 167, '2017-08-06 13:10:43', '2017-08-06 07:56:57'),
(890, 'KD/UN-250-0010', 'Bar-B-Que Seekh', 2, '8', 167, '2017-08-06 13:10:43', '2017-08-06 07:56:57'),
(891, '7330-ZO-250-5392', 'Tin Opener', 1, '39', 167, '2017-08-06 13:10:43', '2017-08-06 07:56:57'),
(892, 'KD/UN-250-0196', 'Slicer / Kadokush Steel ', 1, '21', 167, '2017-08-06 13:10:43', '2017-08-06 07:56:57'),
(893, '7360-ZO-250-5305', 'Sauce Pan', 1, '39', 167, '2017-08-06 13:10:43', '2017-08-06 07:56:57'),
(894, '7330-ZO-250-5452', 'Tea Stainer', 1, '29', 167, '2017-08-06 13:10:43', '2017-08-06 07:56:58'),
(895, 'GP-ENGRTA-03584\nPWT-0084-A', 'Water Dispenser', 1, '9', 166, '2017-08-06 13:10:43', '2017-08-06 07:56:58'),
(896, 'KD/UN-250-0216', 'Sweet Spoon ', 2, '16', 168, '2017-08-06 13:10:43', '2017-08-06 07:56:58'),
(897, 'KF/UN-250-0177', 'Rice Spoon Steel ? Offrs Mess ', 2, '8', 166, '2017-08-06 13:10:43', '2017-08-06 07:56:58'),
(898, 'KF/UN-250-0076', 'Fork ? Offrs Mess', 2, '8', 167, '2017-08-06 13:10:43', '2017-08-06 07:56:58'),
(899, '7340-ZO-250-5382', 'Knife Dinning (Knife Table)', 2, '16', 166, '2017-08-06 13:10:43', '2017-08-06 07:56:58'),
(900, '7340-ZO-250-5433', 'Tea Spoon', 2, '16', 167, '2017-08-06 13:10:43', '2017-08-06 07:56:58'),
(901, 'KD/UN-250-0025', 'Cake Cutter ', 1, '21', 167, '2017-08-06 13:10:43', '2017-08-06 07:56:58'),
(902, 'KD/UN-250-0060', 'Donga Spoon ? Offrs Mess', 1, '39', 167, '2017-08-06 13:10:43', '2017-08-06 07:56:58'),
(903, 'KF/UN-251-1703-0928', 'Daigcha Big Spoon', 1, '8', 167, '2017-08-06 13:10:43', '2017-08-06 07:56:58'),
(904, 'KF/UN-250-0358', 'Tea Big Spoon', 1, '8', 167, '2017-08-06 13:10:43', '2017-08-06 07:56:58'),
(905, 'KD/UN-250-0106', 'Ice Cliper (Offrs / JCOs)', 1, '8', 167, '2017-08-06 13:10:43', '2017-08-06 07:56:58'),
(906, 'KD/UN-250-0102', 'Hot Pot Set', 1, '21', 167, '2017-08-06 13:10:43', '2017-08-06 07:56:58'),
(907, 'KD/UN-250-0083', 'Goblet Glass', 2, '13', 166, '2017-08-06 13:10:43', '2017-08-06 07:56:58'),
(908, 'GP-GENSTO-18865\nKD/UN-250-0063', 'Dry Fruit Dish', 1, '9', 167, '2017-08-06 13:10:43', '2017-08-06 07:56:58'),
(909, '7350-ZO-250-8101', 'Lemon Press', 1, '21', 167, '2017-08-06 13:10:43', '2017-08-06 07:56:58'),
(910, 'KF/UN-250-0367', 'Soup Set 12 (Pers)', 1, '14', 167, '2017-08-06 13:10:43', '2017-08-06 07:56:58'),
(911, 'KF/UN-250-0187', 'Salt Pot Wooden ? Offrs Mess', 1, '21', 167, '2017-08-06 13:10:43', '2017-08-06 07:56:58'),
(912, 'KF/UN-250-0050', 'Dinner set 75 Men (Ceramic-Offr Std)', 1, '1', 166, '2017-08-06 13:10:43', '2017-08-06 07:56:58'),
(913, 'KF/UN-250-0310', 'Jug Steel', 1, '139', 166, '2017-08-06 13:10:43', '2017-08-06 07:56:58'),
(914, 'KF/UN-250-226', '6 Men Tea Set (Glass) - Offrs Mess', 1, '16', 167, '2017-08-06 13:10:43', '2017-08-06 07:56:58'),
(915, 'KD/UN-250-0008', 'Bailna Set', 1, '21', 167, '2017-08-06 13:10:43', '2017-08-06 07:56:58'),
(916, 'KF/UN-250-0157', 'Plate Large (Rice) (Ceramic White Offrs Mess)', 1, '94', 167, '2017-08-06 13:10:43', '2017-08-06 07:56:58'),
(917, 'KF/UN-250-0159', 'Plate Med (Curry) (Ceramic- White Offr Mess)', 1, '94', 166, '2017-08-06 13:10:43', '2017-08-06 07:56:58'),
(918, 'KF/UN-250-0160', 'Plate Small (Ceramic-White Offr Mess)', 1, '94', 166, '2017-08-06 13:10:43', '2017-08-06 07:56:58'),
(919, 'KD/UN-250-0044', 'Cutting Knife Set', 1, '39', 166, '2017-08-06 13:10:43', '2017-08-06 07:56:58'),
(920, 'H4/UN-250-0393', 'Dining Table (Iron Folding)- JCO Mess', 1, '24', 167, '2017-08-06 13:10:43', '2017-08-06 07:56:58'),
(921, 'H4/UN-250-0383', 'Dining Chairs (Preferably Folding)-Sldrs Mess', 1, '354', 166, '2017-08-06 13:10:43', '2017-08-06 07:56:58'),
(922, 'CC/UN-250-0111', 'Jhalar for Dinging Table (Green/ White Lining)', 3, '99', 167, '2017-08-06 13:10:43', '2017-08-06 07:56:58'),
(923, 'KF/UN-250-0149', 'Parat Steel 36"', 1, '17', 169, '2017-08-06 13:10:43', '2017-08-06 07:56:58'),
(924, 'KD/UN-250-0080', 'Glass JCO Mess', 1, '99', 167, '2017-08-06 13:10:43', '2017-08-06 07:56:58'),
(925, 'KF/UN-250-0178', 'Rice Spoon Steel ? JCO Mess', 2, '8', 167, '2017-08-06 13:10:43', '2017-08-06 07:56:58'),
(926, 'KF/UN-250-0075', 'Fork ? JCO Mess', 2, '8', 166, '2017-08-06 13:10:43', '2017-08-06 07:56:58'),
(927, 'KD/UN-250-0059', 'Donga Spoon-JCO Mess', 1, '30', 166, '2017-08-06 13:10:43', '2017-08-06 07:56:58'),
(928, 'KD/UN-250-0053', 'Dish Spoon ? JCO Mess', 1, '21', 167, '2017-08-06 13:10:43', '2017-08-06 07:56:58'),
(929, 'KF/UN-250-0359', 'Jug (Glass)', 1, '8', 167, '2017-08-06 13:10:43', '2017-08-06 07:56:58'),
(930, 'KD/UN-250-0035', 'Crystal Ice set (12 x Bowl)', 1, '9', 167, '2017-08-06 13:10:43', '2017-08-06 07:56:58'),
(931, 'KD/UN-250-0237', 'Tooth Pick Holder Stand', 1, '21', 167, '2017-08-06 13:10:43', '2017-08-06 07:56:59'),
(932, 'KF/UN-250-0187', 'Salt Pot Wooden ? JCO Mess', 1, '21', 167, '2017-08-06 13:10:43', '2017-08-06 07:56:59'),
(933, 'KF/UN-250-0049', 'Dinner set 12 Men (Marble) Offrs Mess', 1, '8', 166, '2017-08-06 13:10:43', '2017-08-06 07:56:59'),
(934, 'KF/UN-250-0148', 'Parat Set with Stand ', 1, '21', 167, '2017-08-06 13:10:43', '2017-08-06 07:56:59'),
(935, 'KF/UN-250-0227', 'Tea Set 12 men (Plastic)-JCO Mess', 1, '6', 167, '2017-08-06 13:10:43', '2017-08-06 07:56:59'),
(936, 'KD/UN-250-0235', 'Thermos 1 ? Lits', 1, '25', 167, '2017-08-06 13:10:43', '2017-08-06 07:56:59'),
(937, 'H4/UN-250-0392', 'Dining Table (Preferable Folding)-Offrs Mess', 1, '24', 167, '2017-08-06 13:10:43', '2017-08-06 07:56:59'),
(938, 'H4/UN-250-0386', 'Dining Chair (Preferably Folding) \nChair Dining Offr Mess', 1, '118', 167, '2017-08-06 13:10:43', '2017-08-06 07:56:59'),
(939, 'KF/UN-250-0179', 'Rice Spoon ? Sldr Mess', 1, '1435', 167, '2017-08-06 13:10:43', '2017-08-06 07:56:59'),
(940, 'KD/UN-250-0052', 'Dish Rice', 1, '197', 166, '2017-08-06 13:10:43', '2017-08-06 07:56:59'),
(941, 'KD/UN-250-0061', 'Donga Spoon ? Sldrs Mess', 1, '99', 167, '2017-08-06 13:10:43', '2017-08-06 07:56:59'),
(942, 'KC/UN-250-0028', 'Chabay (Chapattis)', 1, '197', 167, '2017-08-06 13:10:43', '2017-08-06 07:56:59'),
(943, 'KF/UN-250-0360', 'Glass Steel ? Sldrs Mess', 1, '1435', 166, '2017-08-06 13:10:43', '2017-08-06 07:56:59'),
(944, 'KF/UN-250-0225', 'Tea Cup', 1, '1435', 166, '2017-08-06 13:10:43', '2017-08-06 07:56:59'),
(945, 'H4/UN-250-0267', 'Crockery Box', 1, '29', 167, '2017-08-06 13:10:43', '2017-08-06 07:56:59'),
(946, 'KF/UN-250-0253', 'Water set ', 1, '8', 167, '2017-08-06 13:10:43', '2017-08-06 07:56:59'),
(947, 'KF/UN-250-0192', 'Sifen Dishes', 1, '84', 167, '2017-08-06 13:10:43', '2017-08-06 07:56:59'),
(948, 'UN-250-0252', 'Water Cooler (Plastic) Large size', 1, '24', 167, '2017-08-06 13:10:43', '2017-08-06 07:56:59'),
(949, 'X2/UN/MSN/0686', 'Elec Geysers Med Size)', 1, '22', 166, '2017-08-06 13:10:43', '2017-08-06 07:56:59'),
(950, 'P30000037\n7330-ZO-250-5261', 'Chopper Meat 10?', 1, '21', 168, '2017-08-06 13:10:43', '2017-08-06 07:56:59'),
(951, '7360-ZO-250-5277\n7360-ZO-250-5274', 'UC 150 Men Set Donga 251/2? with Lid\nCOVER COOKING POT 711mm 28" DIA', 1, '36', 167, '2017-08-06 13:10:43', '2017-08-06 07:56:59'),
(952, '7360-ZO-250-5297\n7360-ZO-250-5285', 'UC 45 Men Set Deghcha 13? with Lid\nCOVER COOKING POT 273mm', 1, '36', 167, '2017-08-06 13:10:43', '2017-08-06 07:56:59'),
(953, '7360-ZO-250-5296\n7360-ZO-250-5286', 'UC 45 Men Set Degeha 12? with Lid\nCOVER COOKING POT 298mm', 1, '36', 167, '2017-08-06 13:10:43', '2017-08-06 07:56:59'),
(954, '7360-ZO-250-5295\n7360-ZO-250-5287', 'UC 45 Men Set Degcha 11? with Lid  \nCOVER COOKING POT 324mm', 1, '36', 167, '2017-08-06 13:10:43', '2017-08-06 07:56:59'),
(955, '7360-ZO-250-5294\n7360-ZO-250-5288', 'UC 45 Men Set Deghcha 10? with Lid \nCOVER COOKING POT 349mm', 1, '36', 167, '2017-08-06 13:10:43', '2017-08-06 07:56:59'),
(956, '7380-ZO-250-5290', 'UC 45 Men Set Karahi ', 1, '36', 167, '2017-08-06 13:10:43', '2017-08-06 07:56:59'),
(957, 'KF/UN-250-432', 'Kettle Oval qtrs', 1, '69', 167, '2017-08-06 13:10:43', '2017-08-06 07:56:59'),
(958, '7360-ZO-250-5313', 'UC 45 Men Set Parat Small', 1, '36', 167, '2017-08-06 13:10:43', '2017-08-06 07:56:59'),
(959, '7360-ZO-250-5275', 'UC 150 Set Parat large ', 1, '31', 167, '2017-08-06 13:10:43', '2017-08-06 07:56:59'),
(960, '7360-ZO-250-5278', 'UC 150 set Spoon ', 1, '36', 167, '2017-08-06 13:10:43', '2017-08-06 07:56:59'),
(961, 'PKF-0329', 'UC 150 Men Set Tawa Small', 1, '17', 167, '2017-08-06 13:10:43', '2017-08-06 07:56:59'),
(962, '', 'Oil Cooker 45 Men Set ', 1, '69', 167, '2017-08-06 13:10:43', '2017-08-06 07:56:59'),
(963, 'H4/UN-250-0394', 'Dining Table Iron Folding ? Sldrs Mess', 1, '99', 166, '2017-08-06 13:10:43', '2017-08-06 07:56:59'),
(964, 'KF/UN-250-0226', 'Tea Sets (Offrs Mess) (12 Men Set)', 1, '9', 167, '2017-08-06 13:10:43', '2017-08-06 07:56:59'),
(965, 'H4/UN-250-0375', 'Easy Chair', 1, '99', 167, '2017-08-06 13:10:43', '2017-08-06 07:56:59'),
(966, 'KF/UN-250-0361', 'Serving Dish', 1, '21', 167, '2017-08-06 13:10:43', '2017-08-06 07:56:59'),
(967, 'CC/UN-250-0219', 'Table Sheet Plastic', 3, '99', 167, '2017-08-06 13:10:43', '2017-08-06 07:56:59'),
(968, 'PWT-0029-A', 'Refrigerators Large', 1, '8', 167, '2017-08-06 13:10:43', '2017-08-06 07:56:59'),
(969, 'PWT-0085-A', 'Bed Room Refrigerator', 1, '5', 168, '2017-08-06 13:10:43', '2017-08-06 07:56:59'),
(970, 'KF/UN-250-0362', 'Sweet bowl ? JCOs / Offrs Mess', 1, '236', 171, '2017-08-06 13:10:43', '2017-08-06 07:56:59'),
(971, '7330-ZO-250-6188\nJ2/PJB-1349', 'Pressure cooker rubber (Ring Rubber)', 1, '24', 166, '2017-08-06 13:10:43', '2017-08-06 07:56:59'),
(972, 'X2/UN/MSN/0685', 'Micro wave oven  (PEL) Large', 1, '8', 167, '2017-08-06 13:10:43', '2017-08-06 07:56:59'),
(973, 'KD/UN-250-0112', 'Jug Crystal', 1, '13', 174, '2017-08-06 13:10:43', '2017-08-06 07:56:59'),
(974, 'H8/UN-250-0324', 'Tissue paper party pack', 7, '197', 167, '2017-08-06 13:10:43', '2017-08-06 07:56:59'),
(975, 'H4/UN-250-0322', 'Tissue paper Box Type', 7, '197', 166, '2017-08-06 13:10:43', '2017-08-06 07:56:59'),
(976, 'UN-250-0019', 'Blanket Irani/Korean fine quality', 1, '79', 166, '2017-08-06 13:10:43', '2017-08-06 07:57:00'),
(977, '9020-ZO-250-3505', 'Ashtray', 1, '99', 167, '2017-08-06 13:10:43', '2017-08-06 07:57:00'),
(978, '7210-ZO-250-4754', 'Towel (large/medium size)', 2, '5', 167, '2017-08-06 13:10:43', '2017-08-06 07:57:00'),
(979, 'KF/UN-250-0271', 'Fruit Basket', 1, '8', 169, '2017-08-06 13:10:43', '2017-08-06 07:57:00'),
(980, 'KD/UN-250-0043', 'Cutting Board (2 x 2 ft)', 1, '8', 167, '2017-08-06 13:10:43', '2017-08-06 07:57:00'),
(981, 'KD/UN-250-0042', 'Cutlery stand', 1, '5', 167, '2017-08-06 13:10:43', '2017-08-06 07:57:00'),
(982, 'KD/UN-250-0032', 'Condiments Jar Set', 1, '6', 167, '2017-08-06 13:10:43', '2017-08-06 07:57:00'),
(983, 'STY-NO/UN/MSN/0060', 'Dust bin (Plastic small/ Steel)', 1, '39', 167, '2017-08-06 13:10:43', '2017-08-06 07:57:00'),
(984, 'CC/UN-250-0218', 'Table Cloth (JCOs/Offrs Mess)', 3, '99', 174, '2017-08-06 13:10:43', '2017-08-06 07:57:00'),
(985, 'CN/UN-250-0347', 'Water Cooler small up to 15 lits', 1, '39', 169, '2017-08-06 13:10:43', '2017-08-06 07:57:00'),
(986, '7330-ZO-250-5423', 'Stainer for atta large (sieve Flour Circular', 1, '13', 169, '2017-08-06 13:10:43', '2017-08-06 07:57:00'),
(987, 'KF/UN-250-0363', 'Sweet Bowl (Sldrs Mess)', 1, '786', 167, '2017-08-06 13:10:43', '2017-08-06 07:57:00'),
(988, 'P30003513\n7360-ZO_250-5943', 'Karahi Iron large size', 1, '9', 166, '2017-08-06 13:10:43', '2017-08-06 07:57:00'),
(989, '7380-ZO-250-5290', 'Karahi Iron small size', 1, '9', 167, '2017-08-06 13:10:43', '2017-08-06 07:57:00'),
(990, 'KD/UN-250-0206', 'Stainer for pakory', 1, '21', 167, '2017-08-06 13:10:43', '2017-08-06 07:57:00'),
(991, 'KD/UN/250/0208', 'Steel tiffen for 10 x pers', 1, '39', 167, '2017-08-06 13:10:43', '2017-08-06 07:57:00'),
(992, 'H7/UN-250-0244', 'Vim powder (Sldrs Mess)', 4, '197', 167, '2017-08-06 13:10:43', '2017-08-06 07:57:00'),
(993, 'CC/UN-250-0260', 'White Cloth for Crockery Store', 3, '99', 166, '2017-08-06 13:10:43', '2017-08-06 07:57:00'),
(994, 'KF/UN-250-0127', 'Match Sticks', 7, '393', 167, '2017-08-06 13:10:43', '2017-08-06 07:57:00'),
(995, 'CC/UN-250-0069', 'Fabric sheet for meat cutting (2 x2)', 10, '21', 167, '2017-08-06 13:10:43', '2017-08-06 07:57:00'),
(996, 'KD/UN-250-0041', 'Cutlery Set (50 men)', 8, '1', 169, '2017-08-06 13:10:43', '2017-08-06 07:57:00'),
(997, 'KB/UN-250-0119', 'Kundi (Iron) for Chappati', 9, '21', 167, '2017-08-06 13:10:43', '2017-08-06 07:57:00'),
(998, 'Z2/UN/MSN/0842', 'Dough Machine Auto', 1, '1', 167, '2017-08-06 13:10:43', '2017-08-06 07:57:00'),
(999, '7360-ZO-250-9446', 'UC 150 Men Tawa Small', 1, '6', 166, '2017-08-06 13:10:43', '2017-08-06 07:57:00'),
(1000, 'KD/UN-250-0112', 'Jug Crustal', 1, '29', 167, '2017-08-06 13:10:43', '2017-08-06 07:57:00'),
(1001, 'KD/UN-250-0032', 'Condiment Jar Set', 1, '8', 167, '2017-08-06 13:10:43', '2017-08-06 07:57:00'),
(1002, '7330-ZO-250-5427', 'Stainer (2? x 3?) for Rice', 1, '9', 167, '2017-08-06 13:10:43', '2017-08-06 07:57:00'),
(1003, 'KF/UN-250-0047', 'Dhori Danda', 1, '5', 167, '2017-08-06 13:10:43', '2017-08-06 07:57:00'),
(1004, 'P30001392\nNIV-SS-UN-196', 'Video Camera ', 1, '1', 167, '2017-08-06 13:10:43', '2017-08-06 07:57:00'),
(1005, 'PWF-0161-A', 'Digital Still Camera ', 1, '5', 166, '2017-08-06 13:10:43', '2017-08-06 07:57:00'),
(1006, 'PZ2C-0794-A', 'Desktop Cptrs Config', 1, '21', 171, '2017-08-06 13:10:43', '2017-08-06 07:57:00'),
(1007, 'Z29/PZZC/0800/A', 'Laptop (Core i5)', 1, '5', 166, '2017-08-06 13:10:43', '2017-08-06 07:57:00'),
(1008, 'NIV-SS-9928', 'HP Laser Het P2015 Series PCL 6 with data and power cables', 1, '6', 171, '2017-08-06 13:10:43', '2017-08-06 07:57:00'),
(1009, '', 'HP laser Jet P4010 P4510 series PCL 6 with data and power cables', 1, '5', 171, '2017-08-06 13:10:43', '2017-08-06 07:57:00'),
(1010, 'PZZC-0791-A', 'Colour Printer (Desk Jet) with data and power cables', 1, '5', 166, '2017-08-06 13:10:43', '2017-08-06 07:57:00'),
(1011, 'P30000288\nNIV-SS-031C', 'Photo Copier with data and power cables', 1, '1', 171, '2017-08-06 13:10:43', '2017-08-06 07:57:00'),
(1012, 'AVN-NIV-S-74\nNIV-SS-3719', 'Scanner', 1, '1', 166, '2017-08-06 13:10:43', '2017-08-06 07:57:00'),
(1013, 'H4/UN-250-0397', 'Office Table ', 1, '49', 166, '2017-08-06 13:10:43', '2017-08-06 07:57:00'),
(1014, 'H4/UN-250-0391', 'Office Chairs', 1, '60', 167, '2017-08-06 13:10:43', '2017-08-06 07:57:01'),
(1015, 'UN-MSN-0475', 'Steel Almirahs', 1, '39', 167, '2017-08-06 13:10:43', '2017-08-06 07:57:01'),
(1016, 'H4/UN-250-0385', 'Chair Revolving CO Office', 1, '1', 167, '2017-08-06 13:10:43', '2017-08-06 07:57:01'),
(1017, 'H4/UN-250-0401', 'Table for CO Office', 1, '1', 166, '2017-08-06 13:10:43', '2017-08-06 07:57:01'),
(1018, 'AVN-NIV-C-217\nH4/UN/250/0391', 'Cptr Chair', 1, '30', 166, '2017-08-06 13:10:43', '2017-08-06 07:57:01'),
(1019, 'H4/UN-250-0398', 'Cptr Table', 1, '30', 166, '2017-08-06 13:10:43', '2017-08-06 07:57:01'),
(1020, 'KF/UN-250-0138', 'Office Carpet (15?x10?) Synthetic', 1, '21', 167, '2017-08-06 13:10:43', '2017-08-06 07:57:01'),
(1021, 'UN-MSN-0473', 'Office Table Sets (Pen Stand Etc)', 1, '16', 167, '2017-08-06 13:10:43', '2017-08-06 07:57:01'),
(1022, 'GP-GENSTO-18706\nNIV-ES-827', 'Wall Clock', 1, '1', 168, '2017-08-06 13:10:43', '2017-08-06 07:57:01'),
(1023, 'STY-MO/UN/MSN/0061', 'VPS with allied Eqpt alongwith 30 Mtrs VGA Cable', 1, '5', 167, '2017-08-06 13:10:43', '2017-08-06 07:57:01'),
(1024, 'Z29/PZZC/0540/A', 'USB Driver  4 GB', 1, '9', 174, '2017-08-06 13:10:43', '2017-08-06 07:57:01'),
(1025, 'NIV-IT-0784', 'USB Driver 16 GB', 1, '9', 171, '2017-08-06 13:10:43', '2017-08-06 07:57:01'),
(1026, 'CC/UN-250-0263', 'Window Curtains (Std Size) ', 8, '49', 172, '2017-08-06 13:10:43', '2017-08-06 07:57:01'),
(1027, 'H4/UN-250-0374', 'Visitor Chairs ', 1, '94', 167, '2017-08-06 13:10:43', '2017-08-06 07:57:01'),
(1028, 'STY-MO/UN/MSN/0062', 'VPS Screen', 1, '1', 166, '2017-08-06 13:10:43', '2017-08-06 07:57:01'),
(1029, 'STY-MO/UN/MSN/0063', 'Laser Pointer', 1, '21', 166, '2017-08-06 13:10:43', '2017-08-06 07:57:01'),
(1030, 'PXE-0091-A', 'Spot Lights', 1, '79', 166, '2017-08-06 13:10:43', '2017-08-06 07:57:01'),
(1031, 'KD/UN-251-1703-0929', 'Rostrum Wooden', 1, '5', 171, '2017-08-06 13:10:43', '2017-08-06 07:57:01'),
(1032, 'STY-MO/UN/MSN/0109', 'Butter Paper', 11, '49', 167, '2017-08-06 13:10:43', '2017-08-06 07:57:01'),
(1033, 'GP-STY-00108\nSTY-MO/Un/MSN/0108', 'Typing Papers (Rice Paper)', 11, '99', 174, '2017-08-06 13:10:43', '2017-08-06 07:57:01'),
(1034, '', 'Printer Toners for printer indicated in master list', 1, '60', 174, '2017-08-06 13:10:43', '2017-08-06 07:57:01'),
(1035, '', 'Toner for Laser Jet Printer indicated in master list', 1, '39', 166, '2017-08-06 13:10:43', '2017-08-06 07:57:01'),
(1036, '', 'Toner for Photostat Machine indicated in master list', 1, '30', 166, '2017-08-06 13:10:43', '2017-08-06 07:57:01'),
(1037, 'STY-MO/UN/MSN/0046', 'File Cover A-4 Size', 1, '1376', 166, '2017-08-06 13:10:43', '2017-08-06 07:57:01'),
(1038, 'STY-MO/UN/MSN/0047', 'File Cover Normal', 1, '197', 174, '2017-08-06 13:10:43', '2017-08-06 07:57:01'),
(1039, 'STY-MO/UN/MSN/0010', 'Ball Point ', 2, '139', 174, '2017-08-06 13:10:43', '2017-08-06 07:57:01'),
(1040, 'STY-MO/UN/MSN/0104', 'Paper pin', 7, '99', 174, '2017-08-06 13:10:43', '2017-08-06 07:57:01'),
(1041, 'STY-MO/UN/MSN/0016', 'Blanco ', 1, '30', 174, '2017-08-06 13:10:43', '2017-08-06 07:57:01'),
(1042, 'STY-MO/UN/MSN/0099', 'Drawing Sheet ', 1, '393', 166, '2017-08-06 13:10:43', '2017-08-06 07:57:01'),
(1043, 'STY-MO/UN/MSN/0001', 'Eraser Pelikon (Rubbers)', 2, '33', 174, '2017-08-06 13:10:43', '2017-08-06 07:57:01'),
(1044, 'GP-STY-00105\nSTY-MO/UN/MSN/0105', 'Drawing Pin', 12, '33', 166, '2017-08-06 13:10:43', '2017-08-06 07:57:01'),
(1045, 'GP-STY-00094\nSTY-MO/Un/MSN/0094', 'Glaze Sheet ', 1, '393', 174, '2017-08-06 13:10:43', '2017-08-06 07:57:01'),
(1046, 'STY-MO/UN/MSN/0059', 'Gum Stick (UHU)', 1, '197', 166, '2017-08-06 13:10:43', '2017-08-06 07:57:01'),
(1047, 'STY-MO/UN/MSN/0022', 'Highlighter 4 colour set', 1, '21', 166, '2017-08-06 13:10:43', '2017-08-06 07:57:01'),
(1048, 'GP-STY-00098\nSTY-MO/UN/MSN/0098', 'Khaki sheet', 1, '187', 174, '2017-08-06 13:10:43', '2017-08-06 07:57:01'),
(1049, 'GP-STY-00053\nSTY-MO/UN/MSN/0053', 'Note Sheet pads Full size', 1, '99', 174, '2017-08-06 13:10:43', '2017-08-06 07:57:01'),
(1050, 'GP-STY-00026\nSTY-MO/UN/MSN/0026', 'Photostat papers', 11, '99', 174, '2017-08-06 13:10:43', '2017-08-06 07:57:01'),
(1051, 'STY-MO/UN/MSN/0032', 'Paper Clip ', 12, '107', 174, '2017-08-06 13:10:43', '2017-08-06 07:57:01'),
(1052, 'STY-MO/UN/MSN/007/006', 'Pental set perm/non perm (set of four)', 8, '16', 174, '2017-08-06 13:10:43', '2017-08-06 07:57:01'),
(1053, 'GP-STY-00012\nSTY-MO/UN/MSN/0012', 'Pencil Led', 2, '46', 174, '2017-08-06 13:10:43', '2017-08-06 07:57:01'),
(1054, 'STY-MO/UN/MSN/0103', 'Push Pin', 12, '60', 174, '2017-08-06 13:10:43', '2017-08-06 07:57:01'),
(1055, 'GP-STY-00091\nSTY-MO/UN/MSN/0091', 'Stickers sheet different colour', 1, '99', 174, '2017-08-06 13:10:43', '2017-08-06 07:57:01'),
(1056, 'GP-STY-00018\nSTY-MO/UN/MSN/0018', 'Staple pins', 12, '24', 174, '2017-08-06 13:10:43', '2017-08-06 07:57:01'),
(1057, 'STY-MO/UN/MSN/0056,0055,0054', 'Scotch tape 2?, ? ? and 1? with large roll', 1, '16', 174, '2017-08-06 13:10:43', '2017-08-06 07:57:01'),
(1058, 'STY-MO/UN/MSN/0058', 'Sharpener steel small', 1, '99', 174, '2017-08-06 13:10:43', '2017-08-06 07:57:02'),
(1059, 'STY-MO/UN/MSN/0113,0114,0115', 'Spiral binder (size 12,14,16) ', 1, '69', 166, '2017-08-06 13:10:43', '2017-08-06 07:57:02'),
(1060, 'STY-MO/UN/MSN/0051', 'Sticker pate chit ', 1, '38', 174, '2017-08-06 13:10:43', '2017-08-06 07:57:02'),
(1061, 'GP-GENSTO-18792\nH8/UN-250-0240', 'UN Flag (Table)', 1, '21', 174, '2017-08-06 13:10:43', '2017-08-06 07:57:02'),
(1062, 'H8/UN-250-0146', 'Pak Flag (Table)', 1, '21', 167, '2017-08-06 13:10:43', '2017-08-06 07:57:02'),
(1063, '', 'UNAMIDFlag (3'' x 4. 5'')', 1, '21', 167, '2017-08-06 13:10:43', '2017-08-06 07:57:02'),
(1064, 'H8/UN-250-0239', 'UN Flag (3'' x 4.5'')', 1, '21', 166, '2017-08-06 13:10:43', '2017-08-06 07:57:02'),
(1065, 'H8/UN-250-0145', 'Pak Flag (3'' x 4.5'')', 1, '21', 167, '2017-08-06 13:10:43', '2017-08-06 07:57:02'),
(1066, 'STY-MO/UN/MSN/0009', 'VIP Pen set (Blue, Green, Red, Black)', 8, '1', 174, '2017-08-06 13:10:43', '2017-08-06 07:57:02'),
(1067, 'NIV-SS-3713', 'Power Cable PC', 1, '29', 174, '2017-08-06 13:10:43', '2017-08-06 07:57:02'),
(1068, '5815-ZO-211-6123', 'Key Board', 1, '9', 171, '2017-08-06 13:10:43', '2017-08-06 07:57:02'),
(1069, 'Z3/PZC/1327/A', 'Mouse Complete', 1, '9', 166, '2017-08-06 13:10:43', '2017-08-06 07:57:02'),
(1070, 'NIV-183C', 'Type Writer Small', 1, '1', 166, '2017-08-06 13:10:43', '2017-08-06 07:57:02'),
(1071, 'NIV-SS-3759', 'Fax Machine Panasonic ', 1, '1', 166, '2017-08-06 13:10:43', '2017-08-06 07:57:02'),
(1072, 'Z29/PZZC-0804-A', 'External Combo Drive', 1, '1', 166, '2017-08-06 13:10:43', '2017-08-06 07:57:02'),
(1073, 'NIV-SS-UN-172', 'Anti Virus CDs for 15 users with package having min 15 x user free', 1, '9', 166, '2017-08-06 13:10:43', '2017-08-06 07:57:02'),
(1074, 'STY-MO/UN/MSN/0012', 'Lead Pencil', 2, '54', 171, '2017-08-06 13:10:43', '2017-08-06 07:57:02'),
(1075, 'PYA-0153-A', 'Office bell electric with remote', 1, '21', 174, '2017-08-06 13:10:43', '2017-08-06 07:57:02'),
(1076, 'PZZC-0799-A', 'Rewritable CDs/DVDs', 2, '39', 166, '2017-08-06 13:10:43', '2017-08-06 07:57:02'),
(1077, 'STY-MO/UN/MSN/0102', 'Talic Roll (50 mtrs)', 1, '24', 166, '2017-08-06 13:10:43', '2017-08-06 07:57:02'),
(1078, 'STY-MO/UN/MSN/0019', 'Stapler Gun Machine TS-13H', 1, '5', 174, '2017-08-06 13:10:43', '2017-08-06 07:57:02'),
(1079, 'STY-MO/UN/MSN/0020', 'Stapler Gun Machine Pin 23/8', 7, '78', 174, '2017-08-06 13:10:43', '2017-08-06 07:57:02'),
(1080, 'GP-STY-00005\nSTY-MO/UN/MSN/0005', 'Tempo Marker Set', 1, '39', 174, '2017-08-06 13:10:43', '2017-08-06 07:57:02'),
(1081, 'STY-MO/UN/MSN/0107', 'Colour Paper Different Colour', 7, '60', 174, '2017-08-06 13:10:43', '2017-08-06 07:57:02'),
(1082, 'GP-STY-00100\nSTY-MO/UN/MSN/0100', 'Drawing Roll', 1, '24', 174, '2017-08-06 13:10:43', '2017-08-06 07:57:02'),
(1083, 'STY-MO/UN/MSN/0101', 'Trace Roll', 1, '30', 174, '2017-08-06 13:10:43', '2017-08-06 07:57:02'),
(1084, 'STY-MO/UN/MSN/0096', 'Card Sheets Different Colour (brown, blue, red, green&black)', 1, '197', 174, '2017-08-06 13:10:43', '2017-08-06 07:57:02'),
(1085, 'STY-MO/UN/MSN/0095', 'Gift Sheet', 1, '197', 174, '2017-08-06 13:10:43', '2017-08-06 07:57:02'),
(1086, 'STY-MO/UN/MSN/0106', 'Salphin paper (Different Colour)', 1, '197', 174, '2017-08-06 13:10:43', '2017-08-06 07:57:02'),
(1087, 'STY-MO/UN/MSN/0093', 'Slide Paper', 7, '21', 174, '2017-08-06 13:10:43', '2017-08-06 07:57:02'),
(1088, 'STY-MO/UN/MSN/0116', 'Paint Marker (Different Colour)', 1, '118', 174, '2017-08-06 13:10:43', '2017-08-06 07:57:02'),
(1089, '7520-281-5895', 'Stapler', 1, '8', 174, '2017-08-06 13:10:43', '2017-08-06 07:57:02'),
(1090, 'GP-STY-00018\nSTY-MO/UN/MSN/0018', 'Stapler Pin', 7, '9', 174, '2017-08-06 13:10:43', '2017-08-06 07:57:02'),
(1091, '', 'Stencil Plate (No 4,5,6,8,10,25)', 1, '21', 174, '2017-08-06 13:10:43', '2017-08-06 07:57:02'),
(1092, 'GP-STY-00015\nSTY-MO/UN/MSN/0015', 'Pelican  Ink', 1, '21', 167, '2017-08-06 13:10:43', '2017-08-06 07:57:02'),
(1093, '5120-ZO-150-5174 ', 'Ruler (1 ft)', 1, '0', 174, '2017-08-06 13:10:43', '2017-08-06 07:57:02'),
(1094, '5120-ZO-150-5175 SIZE 2''\n\n', 'Ruler (2ft)', 1, '6', 166, '2017-08-06 13:10:43', '2017-08-06 07:57:02'),
(1095, 'UN-MSN-0356 ', 'Ruler (3 ft)', 1, '0', 167, '2017-08-06 13:10:43', '2017-08-06 07:57:02'),
(1096, 'AVN-NIV-P-72\nSTY-MO/UN/MSN/0024', 'Cutter (Paper Cutter)', 1, '6', 166, '2017-08-06 13:10:43', '2017-08-06 07:57:02'),
(1097, 'NIV-TPN-5310-ZO-1532960\nH2/UN-251-1703-0963', 'Cutter Blade (Stationary)', 1, '21', 174, '2017-08-06 13:10:43', '2017-08-06 07:57:02'),
(1098, 'KC/UN-250-0223', 'Tape Dispenser', 1, '5', 167, '2017-08-06 13:10:43', '2017-08-06 07:57:02'),
(1099, 'STY-MO/UN/MSN/0110,0111,0112', 'Ribbon (1/2?-1?-2?) Different Colour', 1, '99', 167, '2017-08-06 13:10:43', '2017-08-06 07:57:03'),
(1100, 'STY-MO/UN/MSN/0097', 'Plastic sheets different colour 8?x4?', 1, '31', 174, '2017-08-06 13:10:43', '2017-08-06 07:57:03'),
(1101, 'H4/UN-250-0258', 'White Board (4x4)', 1, '16', 174, '2017-08-06 13:10:43', '2017-08-06 07:57:03'),
(1102, 'KA-1900', 'Easel Iron', 1, '30', 167, '2017-08-06 13:10:43', '2017-08-06 07:57:03'),
(1103, 'H4/UN-250-0093\nH3/UN-251-1612-0589', 'Hard board (Lasani) 4x8 ft', 1, '16', 167, '2017-08-06 13:10:43', '2017-08-06 07:57:03'),
(1104, 'STY-MO/UN/MSN/0120', 'Stick pointer steel 4 ft', 1, '13', 167, '2017-08-06 13:10:43', '2017-08-06 07:57:03'),
(1105, 'GP-STY-00008', 'Roller pen set (blue, green, red black)', 1, '9', 174, '2017-08-06 13:10:43', '2017-08-06 07:57:03'),
(1106, 'STY-MO/UN/MSN/0118', 'Leather Briefing Folder (Dak Folder Leather)', 1, '5', 174, '2017-08-06 13:10:43', '2017-08-06 07:57:03'),
(1107, 'H7/UN-250-0067', 'Elffe', 1, '118', 174, '2017-08-06 13:10:43', '2017-08-06 07:57:03'),
(1108, 'H8/UN-250-0145', 'Pakistani Flag', 1, '8', 167, '2017-08-06 13:10:43', '2017-08-06 07:57:03'),
(1109, 'H8/UN-250-0144', 'Pak Bat Flag', 8, '8', 167, '2017-08-06 13:10:43', '2017-08-06 07:57:03'),
(1110, 'H8/UN-250-0241', 'UN Unit Flags ', 1, '21', 167, '2017-08-06 13:10:43', '2017-08-06 07:57:03'),
(1111, 'H8/UN-250-0036', 'Sudan Flags ', 1, '9', 167, '2017-08-06 13:10:43', '2017-08-06 07:57:03'),
(1112, 'H8/UN-250-0001', 'African Union / UNAMID  Flags', 1, '21', 167, '2017-08-06 13:10:43', '2017-08-06 07:57:03'),
(1113, 'H8/UN-250-0145', 'Pak flag size (16 ?? x 5?)', 1, '5', 167, '2017-08-06 13:10:43', '2017-08-06 07:57:03'),
(1114, 'H8/UN-251-1704-1130', 'Pak flag size (23?x9?)', 1, '5', 167, '2017-08-06 13:10:43', '2017-08-06 07:57:03'),
(1115, 'H8/UN-250-0198', 'Small Flags Pakistan (Jhandian Cloth)', 1, '590', 166, '2017-08-06 13:10:43', '2017-08-06 07:57:03');
INSERT INTO `products` (`id`, `part_no`, `item_name`, `unit_id`, `quantity`, `categorie_id`, `date`, `last_updated`) VALUES
(1116, 'KB/UN-250-0331', 'National Heroes photos', 1, '39', 167, '2017-08-06 13:10:43', '2017-08-06 07:57:03'),
(1117, 'KB/UN-250-0341', 'Trophy Stand ', 1, '1', 167, '2017-08-06 13:10:43', '2017-08-06 07:57:03'),
(1118, '8345-ZO-250-4098', 'Flags (10x Red and 10 x Green) Length 18? & Width 11 ??', 1, '39', 166, '2017-08-06 13:10:43', '2017-08-06 07:57:03'),
(1119, '', 'Ammo ledger 200 pages ', 1, '1', 169, '2017-08-06 13:10:43', '2017-08-06 07:57:03'),
(1120, '', 'Ammo PM ledger 200 pages ', 1, '1', 166, '2017-08-06 13:10:43', '2017-08-06 07:57:03'),
(1121, 'STY-MO/UN/MSN/0048', 'File cover (UN monogram)', 1, '1572', 166, '2017-08-06 13:10:43', '2017-08-06 07:57:03'),
(1122, 'STY/UN-251-1703-0930', 'Day book A,B,C veh, egr eqpt, SA & Telecomm (400 pages)', 1, '13', 174, '2017-08-06 13:10:43', '2017-08-06 07:57:03'),
(1123, 'STY-MO/UN/MSN/0081', 'Repair Card E-22', 1, '4913', 174, '2017-08-06 13:10:43', '2017-08-06 07:57:03'),
(1124, 'STY-MO/UN/MSN/0049', 'Job Folder ', 1, '983', 174, '2017-08-06 13:10:43', '2017-08-06 07:57:03'),
(1125, 'STY-MO/UN/MSN/0043', 'VDRA', 1, '5', 174, '2017-08-06 13:10:43', '2017-08-06 07:57:03'),
(1126, 'STY-MO/UN/MSN/0052', 'AB-406 (Modified) ', 1, '21', 174, '2017-08-06 13:10:43', '2017-08-06 07:57:03'),
(1127, 'STY-MO/UN/MSN/0080', 'Insp Forms (E-01)', 13, '8', 174, '2017-08-06 13:10:43', '2017-08-06 07:57:03'),
(1128, 'STY-MO/UN/MSN/0068', 'Insp Form (E02)', 13, '5', 174, '2017-08-06 13:10:43', '2017-08-06 07:57:03'),
(1129, 'STY-MO/UN/MSN/0069', 'Insp Form (E-03)', 13, '49', 174, '2017-08-06 13:10:43', '2017-08-06 07:57:03'),
(1130, 'STY-MO/UN/MSN/0070', 'Insp Form (E-05)', 13, '9', 174, '2017-08-06 13:10:43', '2017-08-06 07:57:03'),
(1131, 'STY-MO/UN/MSN/0071', 'Insp Form (E-07)', 13, '9', 174, '2017-08-06 13:10:43', '2017-08-06 07:57:03'),
(1132, 'STY-MO/UN/MSN/0073', 'Insp Form (E-15)', 13, '8', 174, '2017-08-06 13:10:43', '2017-08-06 07:57:03'),
(1133, 'STY-MO/UN/MSN/0078', 'Insp Form (E-90)', 13, '6', 174, '2017-08-06 13:10:43', '2017-08-06 07:57:03'),
(1134, 'STY-MO/UN/MSN/0075', 'Insp Form (E-35)', 13, '9', 174, '2017-08-06 13:10:43', '2017-08-06 07:57:03'),
(1135, 'STY-MO/UN/MSN/0076', 'Insp Form (E-36)', 13, '39', 174, '2017-08-06 13:10:43', '2017-08-06 07:57:03'),
(1136, 'STY-MO/UN/MSN/0077', 'Insp Form (E-40)', 13, '5', 174, '2017-08-06 13:10:43', '2017-08-06 07:57:03'),
(1137, 'STY-MO/UN/MSN/0072', 'Insp Form (E-14)', 13, '5', 174, '2017-08-06 13:10:43', '2017-08-06 07:57:03'),
(1138, 'STY-MO/UN/MSN/0074', 'Insp Form (E-19)', 13, '5', 174, '2017-08-06 13:10:43', '2017-08-06 07:57:03'),
(1139, 'STY-MO/UN/MSN/0079', 'Insp Form (E-91)', 13, '5', 174, '2017-08-06 13:10:43', '2017-08-06 07:57:03'),
(1140, 'GP-STY-00025\nSTY-MO/UN/MSN/0025', 'Paper shredder ', 1, '5', 174, '2017-08-06 13:10:43', '2017-08-06 07:57:04'),
(1141, 'STY-MO/UN/MSN/0118', 'Dak Folder (Req best quality and leather, 1xDak Folder req for VIP )', 1, '21', 174, '2017-08-06 13:10:43', '2017-08-06 07:57:04'),
(1142, '', 'Flag Pak  Army (3''x4''x5'')', 1, '5', 174, '2017-08-06 13:10:43', '2017-08-06 07:57:04'),
(1143, 'STY-MO/UN/MSN/0027', 'Photostat paper A4 size', 11, '60', 166, '2017-08-06 13:10:43', '2017-08-06 07:57:04'),
(1144, 'STY-MO/UN/MSN/0026', 'Photostat paper legal size', 11, '60', 174, '2017-08-06 13:10:43', '2017-08-06 07:57:04'),
(1145, 'STY-MO/UN/MSN/0010', 'Ball Points blue', 2, '21', 174, '2017-08-06 13:10:43', '2017-08-06 07:57:04'),
(1146, 'STY-MO/UN/MSN/0011', 'Ball Points Red', 2, '21', 174, '2017-08-06 13:10:43', '2017-08-06 07:57:04'),
(1147, 'GP-STY-00021\nSTY/MO/UN/MSN/0021', 'Stapler Machines large', 1, '5', 174, '2017-08-06 13:10:43', '2017-08-06 07:57:04'),
(1148, 'AVN-NIV-P-72\nSTY-MO/UN/MSN/0024', 'Paper cutters', 1, '5', 174, '2017-08-06 13:10:43', '2017-08-06 07:57:04'),
(1149, 'NIV-TPN-5310-ZO-153-2960\nH2/UN-251-1703-0963', 'Cutter blades', 7, '21', 174, '2017-08-06 13:10:43', '2017-08-06 07:57:04'),
(1150, 'STY-MO/UN/MSN/0013', 'VIP Pencil Singo (Red, Black, Green & Blue)', 1, '24', 174, '2017-08-06 13:10:43', '2017-08-06 07:57:04'),
(1151, '', 'Visitor Book', 1, '1', 174, '2017-08-06 13:10:43', '2017-08-06 07:57:04'),
(1152, 'STY/UN-251-1703-1044', 'Books for Information Room', 1, '393', 166, '2017-08-06 13:10:43', '2017-08-06 07:57:04'),
(1153, 'PXE-0088-A', 'Invertors  AC/DC for Solar  (1000W) ', 1, '5', 166, '2017-08-06 13:10:43', '2017-08-06 07:57:04'),
(1154, 'GP-SIGTA-04323', 'Decoration Lts 30 ft length', 14, '197', 171, '2017-08-06 13:10:43', '2017-08-06 07:57:04'),
(1155, 'PXE-0078-A', 'Flash / Spot Lts ', 1, '99', 171, '2017-08-06 13:10:43', '2017-08-06 07:57:04'),
(1156, 'PXB-0315-A', 'Flash Lts Controller (Modules) ', 1, '9', 174, '2017-08-06 13:10:43', '2017-08-06 07:57:04'),
(1157, 'X5/PXE/0087/A', 'Search lights 500 W/Security Lts', 1, '197', 174, '2017-08-06 13:10:43', '2017-08-06 07:57:04'),
(1158, 'PYA-0154-A', 'Multi Cable 3 Phase Copper Wire', 3, '1965', 171, '2017-08-06 13:10:43', '2017-08-06 07:57:04'),
(1159, 'PYA-0155-A', 'Multi Cable single Phase Copper Wire', 3, '1965', 171, '2017-08-06 13:10:43', '2017-08-06 07:57:04'),
(1160, 'PXB-0314-A', 'Change lever 3 Phase  for 80 KVA Gen Sets', 1, '30', 171, '2017-08-06 13:10:43', '2017-08-06 07:57:04'),
(1161, 'PXB-0313-A', 'Change lever single phase', 1, '21', 171, '2017-08-06 13:10:43', '2017-08-06 07:57:04'),
(1162, 'Z2/UN/MSN/0832', 'Plastic Wire Cover (China Patti) 10ft', 1, '197', 171, '2017-08-06 13:10:43', '2017-08-06 07:57:04'),
(1163, 'X5/TXE/0094/A', 'Plastic Round Wiring Pipes', 1, '197', 166, '2017-08-06 13:10:43', '2017-08-06 07:57:04'),
(1164, '', 'Clips (Pipe Holder) Shaddle ', 2, '99', 166, '2017-08-06 13:10:43', '2017-08-06 07:57:04'),
(1165, 'CC/UN-250-0319\nX5/PXE/0124/A Elbow', 'Plastic Elbow /T (for Wiring) ', 2, '9', 166, '2017-08-06 13:10:43', '2017-08-06 07:57:04'),
(1166, 'UN-MSN-0345', 'Pliers / Plass', 1, '21', 170, '2017-08-06 13:10:43', '2017-08-06 07:57:04'),
(1167, '8415-ZO-101-4273', 'Rubber Gloves (Pair) ', 9, '9', 167, '2017-08-06 13:10:43', '2017-08-06 07:57:04'),
(1168, 'Z37/PZZK/0352/A', 'Wooden Elec Stick', 1, '5', 167, '2017-08-06 13:10:43', '2017-08-06 07:57:04'),
(1169, 'X5/PXE/0092/A', 'Search lights', 1, '47', 171, '2017-08-06 13:10:43', '2017-08-06 07:57:04'),
(1170, 'Z4/6625-312-3661', 'Wat  meter', 1, '1', 171, '2017-08-06 13:10:43', '2017-08-06 07:57:04'),
(1171, '6145-643-1023', 'Multi wire 7/29', 3, '1965', 166, '2017-08-06 13:10:43', '2017-08-06 07:57:04'),
(1172, '6145-ZO-210-5853', 'Wire 3/29', 3, '1965', 171, '2017-08-06 13:10:43', '2017-08-06 07:57:04'),
(1173, 'PZZF-0478-A', 'Elec Boards Wooden 6X4', 1, '0', 171, '2017-08-06 13:10:43', '2017-08-06 07:57:04'),
(1174, 'PZZF-0473-A', 'Elec Boards Wooden 4X4', 72, '371', 166, '2017-08-06 13:10:43', '2017-08-06 07:57:04'),
(1175, 'X5/PXE/0075-A', 'Holder Energy Saver ', 1, '371', 171, '2017-08-06 13:10:43', '2017-08-06 07:57:04'),
(1176, 'NIV-SS-4785\n6240-zo-210-2870', 'Tube Light (complete) 5 ft', 1, '557', 171, '2017-08-06 13:10:43', '2017-08-06 07:57:04'),
(1177, 'PZZF-0493-A', 'Bed Switch', 1, '197', 171, '2017-08-06 13:10:43', '2017-08-06 07:57:04'),
(1178, 'GP-SIGTA-02107', '3 Shoe on/off (switch)', 1, '99', 171, '2017-08-06 13:10:43', '2017-08-06 07:57:04'),
(1179, 'NIV-SS-1121', '2 Shoe on/off (switch)', 1, '99', 166, '2017-08-06 13:10:43', '2017-08-06 07:57:04'),
(1180, 'GP-SIGTA-04327', 'Main Switch (63 Amp)', 1, '30', 166, '2017-08-06 13:10:43', '2017-08-06 07:57:05'),
(1181, 'AVN-NIV-W-154\nG1/5305-ZO-152-5222', 'Screw 1/2 ? ', 2, '47', 171, '2017-08-06 13:10:43', '2017-08-06 07:57:05'),
(1182, 'AVN-NIV-W-153', 'Screw 1?', 4, '47', 166, '2017-08-06 13:10:43', '2017-08-06 07:57:05'),
(1183, 'KF/UN-250-0315', 'Nail Steel 1?', 4, '13', 167, '2017-08-06 13:10:43', '2017-08-06 07:57:05'),
(1184, 'UN/MSN-0719', 'Nail Steel 1 ? ?', 4, '13', 167, '2017-08-06 13:10:43', '2017-08-06 07:57:05'),
(1185, 'UN-MSN-0548', 'Rawal Plugs', 2, '371', 167, '2017-08-06 13:10:43', '2017-08-06 07:57:05'),
(1186, 'NIV-SS-UN-2096', 'Extension wire with board', 1, '76', 167, '2017-08-06 13:10:43', '2017-08-06 07:57:05'),
(1187, 'GP-SIGTA-02267', 'On / Off Switch ', 1, '393', 166, '2017-08-06 13:10:43', '2017-08-06 07:57:05'),
(1188, 'PXE-0076-A', 'Socket (Sokcet 2 Pin)', 1, '393', 171, '2017-08-06 13:10:43', '2017-08-06 07:57:05'),
(1189, 'Z32/PZZF/0472/A', 'Wire Clip', 2, '60', 171, '2017-08-06 13:10:43', '2017-08-06 07:57:05'),
(1191, 'NIV-SS-UN-536', 'Cell BA 30', 2, '21', 171, '2017-08-06 13:10:43', '2017-08-06 07:57:05'),
(1192, 'NIV-SS-UN-2105', 'Circuit breakers (16A)', 1, '38', 166, '2017-08-06 13:10:43', '2017-08-06 07:57:05'),
(1193, 'NIV-SS-UN-2109', 'Circuit breakers (6A)', 1, '76', 171, '2017-08-06 13:10:43', '2017-08-06 07:57:05'),
(1194, 'GP-ENGRTA-03570', 'Exhaust Fan Iron', 1, '49', 171, '2017-08-06 13:10:43', '2017-08-06 07:57:05'),
(1195, 'NIV-SS-451158\nX5/PXE/0064/A', 'Rechargeable Lt\n(Emergency Light 60 LED)', 1, '30', 168, '2017-08-06 13:10:43', '2017-08-06 07:57:05'),
(1196, 'PXE-0083-A', 'Rod for 500 W Search Light', 1, '197', 171, '2017-08-06 13:10:43', '2017-08-06 07:57:05'),
(1197, 'PYA-0155-A', 'Multi cable single phase Cooper wire', 3, '983', 171, '2017-08-06 13:10:43', '2017-08-06 07:57:05'),
(1198, 'AVN-NIV-C-20', 'Multi wire 7/29 Cooper wire', 3, '983', 171, '2017-08-06 13:10:43', '2017-08-06 07:57:05'),
(1199, 'PXB-0313-A', 'Change lever single phase (50 A)', 1, '21', 171, '2017-08-06 13:10:43', '2017-08-06 07:57:05'),
(1200, 'PXE-0082-A', 'Bulb SOGO search light', 1, '30', 171, '2017-08-06 13:10:43', '2017-08-06 07:57:05'),
(1201, 'Z32/PZ/0172/A', 'ON OFF button SOGO search light', 1, '99', 171, '2017-08-06 13:10:43', '2017-08-06 07:57:05'),
(1202, 'PXE-0080-A', '6 V Bty SOGO Search light', 1, '21', 171, '2017-08-06 13:10:43', '2017-08-06 07:57:05'),
(1203, 'NIV-SS-UN-008', 'Rod Tube lights Philips', 1, '197', 171, '2017-08-06 13:10:43', '2017-08-06 07:57:05'),
(1204, '5998-ZO-210-5638', 'Choke Tube lights Philips', 1, '197', 171, '2017-08-06 13:10:43', '2017-08-06 07:57:05'),
(1205, 'EIV-SS-1291', 'Starter Tube lights Philips', 1, '197', 171, '2017-08-06 13:10:43', '2017-08-06 07:57:05'),
(1206, 'NIV-SS-UN-7546', 'Main Switch breaker 63 A', 1, '21', 171, '2017-08-06 13:10:43', '2017-08-06 07:57:05'),
(1207, 'PXE-0086-A', 'Energy saver 25 W Pin type', 1, '197', 171, '2017-08-06 13:10:43', '2017-08-06 07:57:05'),
(1208, 'NIV-SS-UN-2105', 'Circuit breaker 16 A', 1, '60', 171, '2017-08-06 13:10:43', '2017-08-06 07:57:05'),
(1209, 'NIV-SS-1507', 'Holding holder pin type', 1, '197', 171, '2017-08-06 13:10:43', '2017-08-06 07:57:05'),
(1210, 'PZZF-0487-A', 'Male / Female shoe & socket', 2, '9', 171, '2017-08-06 13:10:43', '2017-08-06 07:57:05'),
(1211, 'X5/PXE/0104/A', 'Rod for elec insect killer', 2, '21', 171, '2017-08-06 13:10:43', '2017-08-06 07:57:05'),
(1212, 'X5/6240-ZO-215-5854', '12 W energy saver for table lamp', 2, '99', 171, '2017-08-06 13:10:43', '2017-08-06 07:57:06'),
(1213, 'Z29/PZZC/0888/A', '15 ft VGA Cable for LCD', 2, '5', 171, '2017-08-06 13:10:43', '2017-08-06 07:57:06'),
(1214, 'PZZC-0784-A', '15 ft HD MI Cable for LED', 2, '5', 171, '2017-08-06 13:10:43', '2017-08-06 07:57:06'),
(1215, 'GP-SIGTA-04318\nPDJ-0520-A', 'Transistors tester', 2, '9', 172, '2017-08-06 13:10:43', '2017-08-06 07:57:06'),
(1216, 'Elbow= X5/PXE/0124/A\nTey= X5/PXE/0123/A', 'Elbow, band, Tey and socket for plastic pipe wiring', 2, '9', 171, '2017-08-06 13:10:43', '2017-08-06 07:57:06'),
(1217, '', 'Clip pipe holder', 7, '5', 171, '2017-08-06 13:10:43', '2017-08-06 07:57:06'),
(1218, 'PXE-0085-A', 'Decoration lights china lari 30 ft', 1, '39', 166, '2017-08-06 13:10:43', '2017-08-06 07:57:06'),
(1219, 'GP-ENGR-00083', 'Drill Machine', 1, '1', 171, '2017-08-06 13:10:43', '2017-08-06 07:57:06'),
(1220, 'NIV-GS-691329\nUN-MSN-0248', 'Grinder machine complete set', 1, '1', 168, '2017-08-06 13:10:43', '2017-08-06 07:57:06'),
(1221, '5120-ZO-150-4657\n5120-ZO-150-4658', 'Hammer 2 kgs Hammer Hand Head 4Lbs\nHammer 2? kgs (Hammer Ferrier Mason 5 Lbs)\nHammer 1 kgs', 1, '6', 168, '2017-08-06 13:10:43', '2017-08-06 07:57:06'),
(1222, 'UN-MSN-0269', 'Cutter ', 1, '6', 167, '2017-08-06 13:10:43', '2017-08-06 07:57:06'),
(1223, 'UN/MSN/0517\nUN/MSN/0518\nUN/MSN/0519', 'Chain 3?\nChain 4?\nChain 6?', 1, '6', 167, '2017-08-06 13:10:43', '2017-08-06 07:57:06'),
(1224, '5110-ZO-150-4541', 'Iron Saw frame', 1, '5', 176, '2017-08-06 13:10:43', '2017-08-06 07:57:06'),
(1225, 'KF/UN-250-0108', 'Iron Blade Saw', 1, '38', 167, '2017-08-06 13:10:43', '2017-08-06 07:57:06'),
(1226, 'KF/UN-250-0212', 'Sumbay 6?', 1, '13', 167, '2017-08-06 13:10:43', '2017-08-06 07:57:06'),
(1227, 'KF/UN-250-0211', 'Sumbay 4?', 1, '13', 167, '2017-08-06 13:10:43', '2017-08-06 07:57:06'),
(1228, 'GP-GENSTO-18942', 'Rivet Machine', 1, '1', 167, '2017-08-06 13:10:43', '2017-08-06 07:57:06'),
(1229, 'NIV-GS-691215', 'Drill Machine Bit Set', 8, '1', 166, '2017-08-06 13:10:43', '2017-08-06 07:57:06'),
(1230, '5340-01-020-0703', 'Rivet', 2, '94', 166, '2017-08-06 13:10:43', '2017-08-06 07:57:06'),
(1231, 'UN/MSN-0396', 'Elec Saw Machine Static ', 1, '1', 166, '2017-08-06 13:10:43', '2017-08-06 07:57:06'),
(1232, 'GP-ENGR-00218\n5130-ZO-150-6963', 'Elec Saw Machine (Portable)', 1, '1', 168, '2017-08-06 13:10:43', '2017-08-06 07:57:06'),
(1233, 'KB/UN-250-0224\nF1/5110-ZO-150-0004', 'Tesa\nAdze Head, Half Head (Tesa) Mild Steel Type 3.5 Lbs', 1, '8', 168, '2017-08-06 13:10:43', '2017-08-06 07:57:06'),
(1234, 'AVN-NIV-H-29\nF1/PFA/2432', 'Hand Saw (Med, Large)', 1, '5', 167, '2017-08-06 13:10:43', '2017-08-06 07:57:06'),
(1235, 'FA-10136', 'Hammer ? Kg', 1, '8', 167, '2017-08-06 13:10:43', '2017-08-06 07:57:06'),
(1236, 'GP-GENSTO-19133', 'Jamboor', 1, '6', 167, '2017-08-06 13:10:43', '2017-08-06 07:57:06'),
(1237, 'H4/UN-251-1704-1144', 'Chosa', 1, '5', 166, '2017-08-06 13:10:43', '2017-08-06 07:57:06'),
(1238, 'GP-ENGR-00026', 'Auger (Auger Wooden 24")', 1, '1', 166, '2017-08-06 13:10:43', '2017-08-06 07:57:06'),
(1239, 'KE/UN-250-0214', 'Suthi', 1, '5', 166, '2017-08-06 13:10:43', '2017-08-06 07:57:06'),
(1240, 'KF/PKF-1275', 'File Triangular', 1, '5', 166, '2017-08-06 13:10:43', '2017-08-06 07:57:06'),
(1241, 'KB/UN-250-0248', 'Warma Sets (Wood, Iron)', 1, '5', 167, '2017-08-06 13:10:43', '2017-08-06 07:57:06'),
(1242, 'KF/PKF-1275', 'Takoray Indian ', 1, '21', 166, '2017-08-06 13:10:43', '2017-08-06 07:57:06'),
(1243, 'AVN-NIV-N-6', 'Nail 1 ? ?', 4, '39', 167, '2017-08-06 13:10:43', '2017-08-06 07:57:06'),
(1244, '5315-ZO-152-4558', 'Nail 2?', 4, '39', 166, '2017-08-06 13:10:43', '2017-08-06 07:57:06'),
(1245, '5315-ZO-152-4564', 'Nail 5?', 4, '9', 167, '2017-08-06 13:10:43', '2017-08-06 07:57:06'),
(1246, 'D1/UN-251-1704-1143', 'Nail 17 & 20 No mixed', 4, '9', 167, '2017-08-06 13:10:43', '2017-08-06 07:57:07'),
(1247, 'GP-GENSTO-19142\nUN-mSN-0490', 'Screw Dvr ', 8, '1', 167, '2017-08-06 13:10:43', '2017-08-06 07:57:07'),
(1248, '5340-ZO-152-4462\n5340-ZO-152-4463\n5340-ZO-152-4464\n5340-ZO-152-4471', 'Qabza (2?, 2 1/2 , 3?, 4? each)', 1, '94', 167, '2017-08-06 13:10:43', '2017-08-06 07:57:07'),
(1249, 'G1/5305-ZO-152-5230\nG1/5305-ZO-152-5228', 'Screw (1?, 2?, 1-1 ? ? each ', 2, '21', 167, '2017-08-06 13:10:43', '2017-08-06 07:57:07'),
(1250, 'GP-GENSTO-18923\nUN-MSN-0492', 'Glass cutter ', 1, '5', 166, '2017-08-06 13:10:43', '2017-08-06 07:57:07'),
(1251, 'W3/UN/MSN/0881', 'Welding Plant complete', 1, '5', 167, '2017-08-06 13:10:43', '2017-08-06 07:57:07'),
(1252, 'F1-PFA-0904', 'Tasi', 1, '13', 168, '2017-08-06 13:10:43', '2017-08-06 07:57:07'),
(1253, 'GP-GENSTO-18927', 'Karandi', 1, '13', 167, '2017-08-06 13:10:43', '2017-08-06 07:57:07'),
(1254, 'KB/UN-250-0184', 'Saal', 1, '6', 167, '2017-08-06 13:10:43', '2017-08-06 07:57:07'),
(1255, 'GP-GENSTO-19132\nF1/PFA-0905', 'Level', 1, '6', 166, '2017-08-06 13:10:43', '2017-08-06 07:57:07'),
(1256, 'GP-GENSTO-18768\nKB/UN-250-0087', 'Guzz Alumunium 6?', 1, '6', 166, '2017-08-06 13:10:43', '2017-08-06 07:57:07'),
(1257, 'KB/UN-250-0086', 'Guzz Wood 8?', 1, '6', 166, '2017-08-06 13:10:43', '2017-08-06 07:57:07'),
(1258, 'KF/UN-250-0109', 'Iron Garmalay ', 1, '8', 166, '2017-08-06 13:10:43', '2017-08-06 07:57:07'),
(1259, 'UN-MSN-0480', 'Wooden Garamaly', 1, '8', 166, '2017-08-06 13:10:43', '2017-08-06 07:57:07'),
(1260, 'UN-MSN-0481', 'Wooden Garmalay (small) ', 1, '8', 166, '2017-08-06 13:10:43', '2017-08-06 07:57:07'),
(1261, 'KE/UN-250-0153', 'Pipe Lvl ', 1, '5', 166, '2017-08-06 13:10:43', '2017-08-06 07:57:07'),
(1262, 'KB/UN-250-0085', 'Gunian ', 1, '5', 166, '2017-08-06 13:10:43', '2017-08-06 07:57:07'),
(1263, 'KD/UN-250-0200', 'Sooter Dori (Roll)', 1, '8', 166, '2017-08-06 13:10:43', '2017-08-06 07:57:07'),
(1264, 'KB/UN-250-0222', 'Tagari Darbraz ', 1, '16', 166, '2017-08-06 13:10:43', '2017-08-06 07:57:07'),
(1265, 'KF/UN-250-0079', 'German Glue', 1, '30', 167, '2017-08-06 13:10:43', '2017-08-06 07:57:07'),
(1266, 'KD/UN-250-0261', 'White Plumber Tape ', 1, '56', 167, '2017-08-06 13:10:43', '2017-08-06 07:57:07'),
(1267, 'GP-ENGRTA-03510\nUN-MSN-0524', 'Bracket Steel (For Wash Basin)', 1, '38', 166, '2017-08-06 13:10:43', '2017-08-06 07:57:07'),
(1268, 'GP-ENGRTA-03539', 'Hook (Pipe Hook)', 1, '371', 168, '2017-08-06 13:10:43', '2017-08-06 07:57:07'),
(1269, 'UN-MSN-0392', 'Pipe 1?', 14, '393', 168, '2017-08-06 13:10:43', '2017-08-06 07:57:07'),
(1270, 'W1A/UN/MSN/0392', 'Pipe 1 ? ?', 14, '393', 168, '2017-08-06 13:10:43', '2017-08-06 07:57:07'),
(1271, 'W1A/UN/MSN/0390', 'Pipe ? ? ', 14, '1965', 166, '2017-08-06 13:10:43', '2017-08-06 07:57:07'),
(1272, 'W1A/UN/MSN/0369', 'Socket 2 ? ', 1, '94', 168, '2017-08-06 13:10:43', '2017-08-06 07:57:07'),
(1273, 'UN-MSN-0368', 'Socket 1 ?', 1, '94', 166, '2017-08-06 13:10:43', '2017-08-06 07:57:08'),
(1274, 'UN-MSN-0367', 'Socket 1?', 1, '187', 168, '2017-08-06 13:10:43', '2017-08-06 07:57:08'),
(1275, 'UN-MSN-0365', 'Socket ? ?', 1, '371', 168, '2017-08-06 13:10:43', '2017-08-06 07:57:08'),
(1276, 'UN-MSN-0385', 'T1?', 1, '371', 168, '2017-08-06 13:10:43', '2017-08-06 07:57:08'),
(1277, 'UN-MSN-0384', 'T ? ', 1, '557', 168, '2017-08-06 13:10:43', '2017-08-06 07:57:08'),
(1278, 'UN-MSN-0371', 'Elbow 1 ? ', 1, '94', 168, '2017-08-06 13:10:43', '2017-08-06 07:57:08'),
(1279, 'UN-MSN-0373', 'Elbow 1?', 1, '371', 168, '2017-08-06 13:10:43', '2017-08-06 07:57:08'),
(1280, 'UN-MSN-0370', 'Elbow ? ?', 1, '371', 168, '2017-08-06 13:10:43', '2017-08-06 07:57:08'),
(1281, 'W1A/UN/MSN/0364', 'Union 2 ? ?', 1, '94', 168, '2017-08-06 13:10:43', '2017-08-06 07:57:08'),
(1282, 'W1A/UN/MSN/0362', 'Union 1-??', 1, '94', 166, '2017-08-06 13:10:43', '2017-08-06 07:57:08'),
(1283, 'UN-MSN-0363', 'Union 1? ', 1, '222', 166, '2017-08-06 13:10:43', '2017-08-06 07:57:08'),
(1284, 'W1A/UN/MSN/0361', 'Union ? ?', 1, '371', 168, '2017-08-06 13:10:43', '2017-08-06 07:57:08'),
(1285, 'W1A/UN/MSN/0411', 'Nipple ? ?', 1, '371', 166, '2017-08-06 13:10:43', '2017-08-06 07:57:08'),
(1286, 'UN-MSN-0412', 'Pipe Nipple 1?', 1, '280', 166, '2017-08-06 13:10:43', '2017-08-06 07:57:08'),
(1287, 'UN-MSN-0403', 'Valve 1 ? ?  (Handle Valve 1-1/4")', 1, '38', 168, '2017-08-06 13:10:43', '2017-08-06 07:57:08'),
(1288, 'UN-MSN-0404', 'Valve ? ?', 1, '140', 168, '2017-08-06 13:10:43', '2017-08-06 07:57:08'),
(1289, 'UN-MSN-0360', 'Cork (Cork Brass)', 1, '187', 168, '2017-08-06 13:10:43', '2017-08-06 07:57:08'),
(1290, 'GP-ENGRTA-03516\nUN-MSN-0360', 'Cork Brass (Cork Brass ?")', 1, '187', 168, '2017-08-06 13:10:43', '2017-08-06 07:57:08'),
(1293, '', 'T ? ?', 1, '464', 168, '2017-08-06 13:10:43', '2017-08-06 07:57:08'),
(1295, 'UN-MSN-0387', 'T Cock ? ?', 1, '187', 168, '2017-08-06 13:10:43', '2017-08-06 07:57:08'),
(1297, 'UN-MSN-0366', 'Socket 3/4 ? ', 1, '371', 168, '2017-08-06 13:10:43', '2017-08-06 07:57:08'),
(1299, 'UN-MSN-0413', 'Socket Nipple ? ?', 1, '371', 168, '2017-08-06 13:10:43', '2017-08-06 07:57:08'),
(1300, 'W1A/UN/MSN/0545', 'Plug ? ', 1, '56', 168, '2017-08-06 13:10:43', '2017-08-06 07:57:08'),
(1301, 'W1A/UN/MSN/0546', 'Plug 1?', 1, '56', 166, '2017-08-06 13:10:43', '2017-08-06 07:57:08'),
(1302, '92430552\nW1A/UN/MSN/0416', 'Bush 3/4 ? x ? ', 1, '56', 166, '2017-08-06 13:10:43', '2017-08-06 07:57:08'),
(1303, 'UN-MSN-0418', 'Bush 1? x ? ', 1, '56', 166, '2017-08-06 13:10:43', '2017-08-06 07:57:08'),
(1304, 'AVN-NIV-N-6', 'Nails 1 ?"', 4, '21', 168, '2017-08-06 13:10:43', '2017-08-06 07:57:08'),
(1305, 'H7/UN-250-0082', 'Glue Dana', 4, '9', 167, '2017-08-06 13:10:43', '2017-08-06 07:57:08'),
(1306, 'H7/UN-250-0194', 'Slash Dana', 4, '9', 167, '2017-08-06 13:10:43', '2017-08-06 07:57:08'),
(1307, 'CC/UN-250-0037', 'Cundras ', 4, '9', 167, '2017-08-06 13:10:43', '2017-08-06 07:57:08'),
(1308, 'UN-MSN-0409', 'Waste Pipe VIP', 1, '187', 169, '2017-08-06 13:10:43', '2017-08-06 07:57:08'),
(1309, 'UN-MSN-0451', 'Barrel Nipple ? ? ', 1, '187', 168, '2017-08-06 13:10:43', '2017-08-06 07:57:09'),
(1310, 'UN-MSN-0386', 'T 1 ? ?', 1, '280', 168, '2017-08-06 13:10:43', '2017-08-06 07:57:09'),
(1311, 'AVN-NIV-E-18', 'Elbow 1 1/2 ?', 1, '280', 168, '2017-08-06 13:10:43', '2017-08-06 07:57:09'),
(1312, 'UN-MSN-0359', 'Open Stop Cork ? ?', 1, '187', 174, '2017-08-06 13:10:43', '2017-08-06 07:57:09'),
(1313, 'UN-MSN-0405', 'Handle Valves 1?', 1, '94', 168, '2017-08-06 13:10:43', '2017-08-06 07:57:09'),
(1314, 'UN-MSN-0278', 'Thread Die complete set ', 1, '5', 168, '2017-08-06 13:10:43', '2017-08-06 07:57:09'),
(1315, 'UN-MSN-0281', 'Pipe Wrench Pana 12?', 1, '21', 167, '2017-08-06 13:10:43', '2017-08-06 07:57:09'),
(1316, 'UN-MSN-0282', 'Pana Wrench Pana 6?', 1, '5', 167, '2017-08-06 13:10:43', '2017-08-06 07:57:09'),
(1317, '5120-ZO-150-5482', 'Adjustable Pana 8?', 1, '9', 167, '2017-08-06 13:10:43', '2017-08-06 07:57:09'),
(1318, 'KF/UN-250-0132', 'Motor Pipe 1.5?', 14, '983', 167, '2017-08-06 13:10:43', '2017-08-06 07:57:09'),
(1319, 'UN-MSN-0389', 'Pipe ? GI', 14, '393', 167, '2017-08-06 13:10:43', '2017-08-06 07:57:09'),
(1320, 'UN-MSN-0408', 'Over Flow Volve  3/4"', 1, '30', 168, '2017-08-06 13:10:43', '2017-08-06 07:57:09'),
(1321, '', 'Exploder Dynamo Condenser ', 1, '5', 168, '2017-08-06 13:10:43', '2017-08-06 07:57:09'),
(1322, '5120-ZO-150-4658', 'Hammer Misc size (Hammer Ferrier Meson 5 Lbs', 1, '5', 166, '2017-08-06 13:10:43', '2017-08-06 07:57:09'),
(1323, 'NIV-GS-691638\n5110-00-754-0704', 'Saw Cross Cut', 1, '21', 167, '2017-08-06 13:10:43', '2017-08-06 07:57:09'),
(1324, '5120-ZO-150-4669', 'Hammer Sledge Pane 14 Lbs ', 1, '8', 167, '2017-08-06 13:10:43', '2017-08-06 07:57:09'),
(1325, 'GP-GENTRA-03504', 'PSP Sheets', 1, '39', 167, '2017-08-06 13:10:43', '2017-08-06 07:57:09'),
(1326, 'UN-MSN-0410', 'WC', 1, '21', 168, '2017-08-06 13:10:43', '2017-08-06 07:57:09'),
(1327, 'NIV-ES-129', 'Indian Commodes', 1, '21', 168, '2017-08-06 13:10:43', '2017-08-06 07:57:09'),
(1328, 'W1(A)/PWA(A)-1162', 'Pipe 4? Plastic', 14, '590', 168, '2017-08-06 13:10:43', '2017-08-06 07:57:09'),
(1329, 'UN-MSN-0415', 'T-Three way 4?', 1, '233', 168, '2017-08-06 13:10:43', '2017-08-06 07:57:09'),
(1330, 'UN-MSN-0357', 'Wash Basin with Taps', 1, '39', 168, '2017-08-06 13:10:43', '2017-08-06 07:57:09'),
(1331, 'J1/UN-MSN-0254', 'Water Tank Collapsible bladder type ', 1, '9', 168, '2017-08-06 13:10:43', '2017-08-06 07:57:09'),
(1332, 'UN-MSN-0375', 'Elbow 4? (PVC)', 1, '233', 167, '2017-08-06 13:10:43', '2017-08-06 07:57:09'),
(1335, '5340-ZO-152-4469', 'Door Qabzas (Hinges Butt 3" LP Br Req)', 1, '393', 167, '2017-08-06 13:10:43', '2017-08-06 07:57:09'),
(1336, 'GP-GENSTO-18890\nUN-MSN-0352', 'Nail Mixed', 4, '21', 167, '2017-08-06 13:10:43', '2017-08-06 07:57:09'),
(1337, 'GP-GENSTO-18685\nUN-MSN-0550', 'Kundi (Door Locks)', 1, '187', 167, '2017-08-06 13:10:43', '2017-08-06 07:57:09'),
(1338, 'KF/UN-250-0101', 'Hooks in Bath Rooms', 1, '187', 167, '2017-08-06 13:10:43', '2017-08-06 07:57:09'),
(1339, 'W1/UN-MSN-0547', 'Hooks CGI Sheets', 1, '983', 167, '2017-08-06 13:10:43', '2017-08-06 07:57:09'),
(1340, '9515-ZO-101-3173', 'CGI Sheets (std size)', 1, '983', 168, '2017-08-06 13:10:43', '2017-08-06 07:57:10'),
(1341, 'GP-GENSTO-19148', 'Sprit', 5, '30', 168, '2017-08-06 13:10:43', '2017-08-06 07:57:10'),
(1342, 'H7/UN-250-0189', 'Samand Bond ', 1, '47', 166, '2017-08-06 13:10:43', '2017-08-06 07:57:10'),
(1343, '8020-ZO-250-0118', 'Paint MB Green', 5, '47', 167, '2017-08-06 13:10:43', '2017-08-06 07:57:10'),
(1344, '8020-ZO-250-0147', 'Paint White ', 1, '393', 167, '2017-08-06 13:10:43', '2017-08-06 07:57:10'),
(1345, 'NIV-026', 'Paint Black', 1, '396', 167, '2017-08-06 13:10:43', '2017-08-06 07:57:10'),
(1346, '8020-ZO-250-0146', 'Paint Red', 1, '47', 167, '2017-08-06 13:10:43', '2017-08-06 07:57:10'),
(1347, '8020-ZO-250-0106', 'Paint Blue ', 1, '47', 167, '2017-08-06 13:10:43', '2017-08-06 07:57:10'),
(1348, '8020-ZO-250-0209', 'Thinner', 1, '983', 167, '2017-08-06 13:10:43', '2017-08-06 07:57:10'),
(1349, 'NIV-TPN-5420-ZO-153-3332', 'Under Coat ', 1, '590', 167, '2017-08-06 13:10:43', '2017-08-06 07:57:10'),
(1350, 'KC/UN-250-0169', 'Poly Coat ', 1, '393', 168, '2017-08-06 13:10:43', '2017-08-06 07:57:10'),
(1351, 'UN-MSN-0290', 'Sand Paper P-80', 1, '393', 167, '2017-08-06 13:10:43', '2017-08-06 07:57:10'),
(1352, 'UN-MSN-0289', 'Sand Paper P-180', 1, '393', 167, '2017-08-06 13:10:43', '2017-08-06 07:57:10'),
(1353, 'HA-12015', 'Emery Cloth No-2', 1, '393', 167, '2017-08-06 13:10:43', '2017-08-06 07:57:10'),
(1354, '8305-ZO-250-0990', 'Cotton Vaster ', 4, '195', 167, '2017-08-06 13:10:43', '2017-08-06 07:57:10'),
(1355, 'H7/UN-250-0256', 'WD 40 (100 ml)', 1, '47', 167, '2017-08-06 13:10:43', '2017-08-06 07:57:10'),
(1356, 'NIV-SS-1402', 'Electrical Tape (Red/White)', 1, '56', 167, '2017-08-06 13:10:43', '2017-08-06 07:57:10'),
(1357, 'GP-GENSTO-18741', 'Elfe', 1, '56', 171, '2017-08-06 13:10:43', '2017-08-06 07:57:10'),
(1358, '', 'Picket Angle  4?', 1, '393', 167, '2017-08-06 13:10:43', '2017-08-06 07:57:10'),
(1359, '5660-ZO-152-3567', 'Picket Angle 2?', 1, '197', 166, '2017-08-06 13:10:43', '2017-08-06 07:57:10'),
(1360, 'FA-10415\n', 'Brace Carpenter Bit Augers 1? Dia', 1, '6', 168, '2017-08-06 13:10:43', '2017-08-06 07:57:10'),
(1361, 'FA-10411\n5110-ZO-150-3881', 'Brace Carpenter Bit Augers ?? Dia', 1, '6', 167, '2017-08-06 13:10:43', '2017-08-06 07:57:10'),
(1362, '5133-ZO-150-3838', 'Bit Augur 3/16? Dia', 1, '9', 167, '2017-08-06 13:10:43', '2017-08-06 07:57:10'),
(1363, 'GP-GENSTO-01982', 'Hammer Ferrier Mason 5 Lbs', 1, '9', 167, '2017-08-06 13:10:43', '2017-08-06 07:57:10'),
(1364, '5120-ZO-250-4668', 'Hammer Sledge D/Faced 10 Lbs', 1, '8', 167, '2017-08-06 13:10:43', '2017-08-06 07:57:10'),
(1365, 'GP-GENSTO-02545\n5120-ZO-150-5759', 'Trowel Pointing 6?  Blade (LG)', 1, '5', 167, '2017-08-06 13:10:43', '2017-08-06 07:57:10'),
(1366, 'GP-ENGTRA-03595\n5120-ZO-150-5174', 'Ruler Steel Engrs 12?', 1, '5', 167, '2017-08-06 13:10:43', '2017-08-06 07:57:10'),
(1367, 'P30003644', 'Plier Side Pipe Grip 8?', 1, '5', 176, '2017-08-06 13:10:43', '2017-08-06 07:57:10'),
(1368, '', 'Crow bar With Chisel & Claw 5?', 1, '0', 167, '2017-08-06 13:10:43', '2017-08-06 07:57:10'),
(1369, '5120-ZO-150-4025', 'Crow bar With Chisel & Claw 6?', 1, '0', 166, '2017-08-06 13:10:43', '2017-08-06 07:57:10'),
(1370, '', 'Crow bar With Chisel & Claw 8?', 1, '5', 166, '2017-08-06 13:10:43', '2017-08-06 07:57:10'),
(1371, '', 'Anti Mines Pers (Large Size)', 9, '39', 167, '2017-08-06 13:10:43', '2017-08-06 07:57:10'),
(1372, 'NIV-ES-1219', 'Pressure Feeding Pump 3 HP', 1, '5', 166, '2017-08-06 13:10:43', '2017-08-06 07:57:10'),
(1373, 'UN-MSN-0399', 'PVC T Joint 1?', 1, '99', 168, '2017-08-06 13:10:43', '2017-08-06 07:57:11'),
(1374, 'UN-MSN-0269\nF1/UN/MSN/0270', 'Cutter Blade (Cutter Blade 14" For Elec Cutter) ', 1, '13', 168, '2017-08-06 13:10:43', '2017-08-06 07:57:11'),
(1375, 'UN-MSN-0376', 'Reducer Elbow 2.5?x2?', 1, '60', 167, '2017-08-06 13:10:43', '2017-08-06 07:57:11'),
(1376, 'UN-MSN-0378', 'Reducer Socket 2.5?x2?', 1, '79', 168, '2017-08-06 13:10:43', '2017-08-06 07:57:11'),
(1377, 'UN-MSN-0380', 'Reducer T 2.5x2?', 1, '49', 168, '2017-08-06 13:10:43', '2017-08-06 07:57:11'),
(1378, 'UN-MSN-0377', 'Reducer Elbow 2?x1.5?', 1, '79', 168, '2017-08-06 13:10:43', '2017-08-06 07:57:11'),
(1379, 'UN-MSN-0379', 'Reducer Socket 2?x1.5?', 1, '99', 168, '2017-08-06 13:10:43', '2017-08-06 07:57:11'),
(1380, 'UN-MSN-0417', 'Bush 1?', 1, '39', 168, '2017-08-06 13:10:43', '2017-08-06 07:57:11'),
(1381, 'NIV-ES-2840', 'Bib Cork ??', 1, '393', 168, '2017-08-06 13:10:43', '2017-08-06 07:57:11'),
(1382, 'UN-MSN-0395', 'Shower for bath with accessories', 1, '99', 168, '2017-08-06 13:10:43', '2017-08-06 07:57:11'),
(1383, 'W1/UN-MSN-0410', 'Indian Commodes Complete set (WC)', 1, '79', 168, '2017-08-06 13:10:43', '2017-08-06 07:57:11'),
(1384, 'GP-ENGTRA-03535\nW1/PWA-1179', 'P Trap ', 1, '236', 168, '2017-08-06 13:10:43', '2017-08-06 07:57:11'),
(1385, 'W1/UN-MSN-0357', 'Wash basin complete set', 1, '21', 168, '2017-08-06 13:10:43', '2017-08-06 07:57:11'),
(1386, 'KF/UN-250-0134', 'Muslim shower', 1, '99', 168, '2017-08-06 13:10:43', '2017-08-06 07:57:11'),
(1387, 'GP-SIG-00802', ' ', 72, '0', 166, '2017-08-06 13:10:43', '2017-08-06 07:57:11'),
(1388, 'D1/UN-250-0309', 'Hanger pati for wall', 1, '1376', 167, '2017-08-06 13:10:43', '2017-08-06 07:57:11'),
(1389, 'F1/UN-MSN-0723', 'Quick action clamps ', 1, '393', 167, '2017-08-06 13:10:43', '2017-08-06 07:57:11'),
(1390, 'WA-10050', 'Pumping set no 5 with tools / assys mentioned in Remarks colm', 8, '5', 167, '2017-08-06 13:10:43', '2017-08-06 07:57:11'),
(1391, 'UN-MSN-0245', 'Sakka folding tube 3?x18?', 1, '39', 168, '2017-08-06 13:10:43', '2017-08-06 07:57:11'),
(1392, 'UN-MSN-0244', 'Sakka folding tube 3?x12?', 1, '39', 168, '2017-08-06 13:10:43', '2017-08-06 07:57:11'),
(1393, 'UN-MSN-0246', 'Sakka folding tube clamp', 1, '296', 168, '2017-08-06 13:10:43', '2017-08-06 07:57:11'),
(1394, 'NIV-ENGR-0154\nX2/PXB/0311/A', 'Msl motor 1 HP', 1, '8', 168, '2017-08-06 13:10:43', '2017-08-06 07:57:11'),
(1395, 'UN-MSN-0249', 'Steel / Iron Cutting machine', 1, '1', 171, '2017-08-06 13:10:43', '2017-08-06 07:57:11'),
(1397, 'GP-GENSTO-18683\nUN-MSN-0382', 'Grinder discs ', 1, '99', 168, '2017-08-06 13:10:43', '2017-08-06 07:57:11'),
(1398, '482100026\nG1/3439-ZO-101-3335', 'Welding rod 10 nos', 7, '49', 167, '2017-08-06 13:10:43', '2017-08-06 07:57:11'),
(1399, 'AVN-NIV-W-55\nG1/3439-ZO-101-3337', 'Welding rod 12 nos', 7, '49', 166, '2017-08-06 13:10:43', '2017-08-06 07:57:11'),
(1400, 'UN-MSN-0514', 'Burma set complete', 1, '5', 166, '2017-08-06 13:10:43', '2017-08-06 07:57:11'),
(1401, 'W3/UN-MSN-0521', 'Carbon cutter machine', 9, '49', 167, '2017-08-06 13:10:43', '2017-08-06 07:57:11'),
(1402, 'UN-MSN-0523', 'Carbon grinder machine', 1, '49', 168, '2017-08-06 13:10:43', '2017-08-06 07:57:11'),
(1403, 'W3/UN/MSN/0522', 'Carbon drill machine', 1, '99', 168, '2017-08-06 13:10:43', '2017-08-06 07:57:11'),
(1404, 'CC/UN-MSN-0257', 'Welding screen / Goggles ', 1, '9', 168, '2017-08-06 13:10:43', '2017-08-06 07:57:11'),
(1405, 'KD/UN-MSN-0081', 'Gloves welding', 9, '5', 169, '2017-08-06 13:10:43', '2017-08-06 07:57:11'),
(1406, 'GP-ENGTRA-01733\nUN-MSN-0287', 'Welding holder', 1, '9', 167, '2017-08-06 13:10:43', '2017-08-06 07:57:11'),
(1407, 'J1/UN-250-0291\n5110-ZO-250-1023', 'Axe with handle (8 Lbs)', 1, '13', 168, '2017-08-06 13:10:43', '2017-08-06 07:57:12'),
(1408, '', 'Iron Picket long (4?)', 1, '79', 167, '2017-08-06 13:10:43', '2017-08-06 07:57:12'),
(1409, '5660-ZO-152-3567', 'Iron Picket Short (2?)', 1, '79', 166, '2017-08-06 13:10:43', '2017-08-06 07:57:12'),
(1410, '5660-ZO-152-3542', 'Barbed wire (150 ft)', 4, '885', 168, '2017-08-06 13:10:43', '2017-08-06 07:57:12'),
(1411, 'W8/5660-ZO-153-2181\n5660-ZO-152-3540', 'Concertina coil (15 m)', 15, '60', 168, '2017-08-06 13:10:43', '2017-08-06 07:57:12'),
(1412, 'UN-MSN-0563', 'Binding Wire', 15, '21', 168, '2017-08-06 13:10:43', '2017-08-06 07:57:12'),
(1413, '5313-ZO-152-4551\n5315-ZO-152-4558\n5315-ZO-152-4559\nAVN-NIV-N-6 (1-?")\n5315-zo-152-4565', 'Nail (? ?, 1?, 1 ? ?, 2?, 2 ? ?, 6?) ', 4, '5.5', 167, '2017-08-06 13:10:43', '2017-08-06 07:57:12'),
(1414, 'H4/UN-250-0152', 'Picket Wooden', 1, '99', 167, '2017-08-06 13:10:43', '2017-08-06 07:57:12'),
(1415, 'W1(A)/PWA(A)-0912', 'Float valve', 1, '99', 167, '2017-08-06 13:10:43', '2017-08-06 07:57:12'),
(1416, 'UN-MSN-0401', 'Gas cork', 1, '39', 168, '2017-08-06 13:10:43', '2017-08-06 07:57:12'),
(1417, '', 'Anti Scalier ', 5, '99', 168, '2017-08-06 13:10:43', '2017-08-06 07:57:12'),
(1418, 'W1/UN/MSN/0397', 'Filters as per config of Water Treatment Plants (Jumboo Filter)', 1, '99', 166, '2017-08-06 13:10:43', '2017-08-06 07:57:12'),
(1419, 'UN-MSN-0436', 'Check Valve 1 ??', 1, '24', 168, '2017-08-06 13:10:43', '2017-08-06 07:57:12'),
(1420, 'W1A/UN/MSN/0437', 'Bush 1 ??x1 ??', 1, '24', 168, '2017-08-06 13:10:43', '2017-08-06 07:57:12'),
(1421, '', 'Pipe Plastic PVC 1?', 14, '2358', 166, '2017-08-06 13:10:43', '2017-08-06 07:57:12'),
(1422, 'W1A/UN/MSN/0438', 'Bush 1 ??x1?', 1, '29', 166, '2017-08-06 13:10:43', '2017-08-06 07:57:12'),
(1423, 'UN-MSN-0445', 'Tape Nipple 1?', 1, '29', 166, '2017-08-06 13:10:43', '2017-08-06 07:57:12'),
(1424, 'UN-MSN-0426\nW1/UN/MSN/0425', 'Steel Rope 3/8?', 14, '3026', 168, '2017-08-06 13:10:43', '2017-08-06 07:57:12'),
(1425, 'NIV-GS-691227\nUN/MSN/0576', 'Welding Lead', 14, '197', 166, '2017-08-06 13:10:43', '2017-08-06 07:57:12'),
(1426, 'AVN-NIV-E-5\nUN/MSN/0577', 'Earth Lead', 14, '39', 171, '2017-08-06 13:10:43', '2017-08-06 07:57:12'),
(1427, '5110-ZO-150-4626\n5120-ZO-150-4657', 'Clow Hammer 1 LBS', 1, '5', 171, '2017-08-06 13:10:43', '2017-08-06 07:57:12'),
(1428, 'UN-MSN-0515', 'Scissor for CGI Sheet', 1, '8', 167, '2017-08-06 13:10:43', '2017-08-06 07:57:12'),
(1429, '', 'Antiscallent for one Year', 5, '3105', 167, '2017-08-06 13:10:43', '2017-08-06 07:57:12'),
(1430, 'GP-GENSTO-18959\nUN-MSN-0443', 'TDS Meter', 1, '1', 166, '2017-08-06 13:10:43', '2017-08-06 07:57:12'),
(1431, 'UN-MSN-0468', 'Reducer Socket  2?? x 1??', 1, '13', 167, '2017-08-06 13:10:43', '2017-08-06 07:57:12'),
(1432, 'UN-MSN-0467', 'Reducer Socket  2?? x 1?', 1, '13', 168, '2017-08-06 13:10:43', '2017-08-06 07:57:12'),
(1433, 'UN-MSN-0457', 'Reducer Socket  2?? x ??', 1, '8', 168, '2017-08-06 13:10:43', '2017-08-06 07:57:12'),
(1434, 'UN-MSN-0347', 'Pipe Wrench 24?', 1, '5', 168, '2017-08-06 13:10:43', '2017-08-06 07:57:12'),
(1435, 'UN-MSN-0348', 'Pipe Wrench 18?', 1, '5', 167, '2017-08-06 13:10:43', '2017-08-06 07:57:12'),
(1436, 'F1/UN-MSN-0722', 'Chain Pipe Wrench', 1, '8', 167, '2017-08-06 13:10:43', '2017-08-06 07:57:12'),
(1437, '5120-ZO-150-6669', 'Pipe Vice with Stand 3? Pipe Dia', 1, '5', 167, '2017-08-06 13:10:43', '2017-08-06 07:57:12'),
(1438, 'UN-MSN-0465', 'Pipe Cutter Large Size with two Spare Blade', 1, '5', 167, '2017-08-06 13:10:43', '2017-08-06 07:57:13'),
(1439, 'GP-GENSTO-18666\nPBF-1780', 'Bicycle Tube (PWS)', 1, '39', 168, '2017-08-06 13:10:43', '2017-08-06 07:57:13'),
(1440, '', 'Chiesel size 12?', 1, '5', 167, '2017-08-06 13:10:43', '2017-08-06 07:57:13'),
(1441, 'W1A/UN/MSN/0390', 'Steel Pipe ??', 14, '590', 166, '2017-08-06 13:10:43', '2017-08-06 07:57:13'),
(1443, 'W1A/UN/MSN/0470', 'Reducer T ??x1/2?', 1, '197', 166, '2017-08-06 13:10:43', '2017-08-06 07:57:13'),
(1444, '', 'Reducer Socket ??x1/2?', 1, '99', 166, '2017-08-06 13:10:43', '2017-08-06 07:57:13'),
(1445, 'UN-MSN-0449', 'Reducer Elbow ??x1/2?', 1, '99', 166, '2017-08-06 13:10:43', '2017-08-06 07:57:13'),
(1446, 'W1A/UN/MSN/0439', 'Elbow 2 ??', 1, '16', 168, '2017-08-06 13:10:43', '2017-08-06 07:57:13'),
(1447, 'W1A/UN/MSN/0440', 'Gate Valve 2 ??', 1, '8', 166, '2017-08-06 13:10:43', '2017-08-06 07:57:13'),
(1448, 'UN-MSN-0454', 'Socket PVC 4?', 1, '60', 168, '2017-08-06 13:10:43', '2017-08-06 07:57:13'),
(1449, 'UN-MSN-0403', 'Handle Valve 1 ??', 1, '61', 168, '2017-08-06 13:10:43', '2017-08-06 07:57:13'),
(1450, 'W1A/UN/MSN/0454', 'Barrel Nipple 1 ??', 1, '197', 168, '2017-08-06 13:10:43', '2017-08-06 07:57:13'),
(1451, '480900137\nUN-MSN-0459', 'Handle Valve ??', 1, '39', 166, '2017-08-06 13:10:43', '2017-08-06 07:57:13'),
(1452, '', 'Union ??', 1, '99', 166, '2017-08-06 13:10:43', '2017-08-06 07:57:13'),
(1453, 'UN-MSN-0447', 'Knob for T Cork', 1, '206', 166, '2017-08-06 13:10:43', '2017-08-06 07:57:13'),
(1454, 'KF/UN-250-0110', 'Iron Head & Tail for Wooden Pickets', 1, '99', 168, '2017-08-06 13:10:43', '2017-08-06 07:57:13'),
(1455, '', 'Bty NLGD 10.8 V (1700 AH)', 1, '8', 167, '2017-08-06 13:10:43', '2017-08-06 07:57:13'),
(1456, 'NIV-TPN-6135-00-985-7945', 'C Size Cell rechargeable for contraband Detector', 9, '13', 166, '2017-08-06 13:10:43', '2017-08-06 07:57:13'),
(1457, 'GP-ENGTRA-02530\n4240-00-052-3116', 'Goggles ', 1, '24', 177, '2017-08-06 13:10:43', '2017-08-06 07:57:13'),
(1458, '8415-zo-250-4271', 'Face Mask', 1, '197', 178, '2017-08-06 13:10:43', '2017-08-06 07:57:13'),
(1459, 'GP-CLO-02351\nCC/UN-250-0333', 'Surgical Gloves', 7, '1', 167, '2017-08-06 13:10:43', '2017-08-06 07:57:13'),
(1460, 'PXE-0081-A', 'Elec Hand Torch Rechargeable Large Size', 1, '8', 167, '2017-08-06 13:10:43', '2017-08-06 07:57:13'),
(1461, 'PZJ/0078A', 'Extn Lead for Bty Charger', 1, '5', 171, '2017-08-06 13:10:43', '2017-08-06 07:57:13'),
(1462, 'UN-MSN-0446\nW1/UN/MSN/0446', 'UV lamp for Water Treatment plant ', 1, '8', 171, '2017-08-06 13:10:43', '2017-08-06 07:57:13'),
(1463, 'GP-ENGTRA-03705', 'Urinal complete set (Req with waste pipe connecting lead )', 1, '9', 168, '2017-08-06 13:10:43', '2017-08-06 07:57:13'),
(1464, 'UN-MSN-0720,0721\nUN-250-0315 1"\nUN-MSN-0720 2"\nUN-MSN-0721 3"', 'Nail steel 1?,2? & 3?', 4, '5', 168, '2017-08-06 13:10:43', '2017-08-06 07:57:13'),
(1465, 'KE/UN-250-0214', 'Sutti Dhaga for Plumber', 1, '79', 167, '2017-08-06 13:10:43', '2017-08-06 07:57:13'),
(1466, 'UN-MSN-0551', 'Block Farma 8?x 8?x 1?', 1, '16', 167, '2017-08-06 13:10:43', '2017-08-06 07:57:13'),
(1467, 'W1/UN/MSN/0410', 'WC (Indian)', 1, '39', 167, '2017-08-06 13:10:43', '2017-08-06 07:57:13'),
(1468, 'UN-MSN-0425', 'Steel for Rope for Msl Motor', 14, '2751', 168, '2017-08-06 13:10:43', '2017-08-06 07:57:13'),
(1469, '', 'Armed Hose 3?x10? with Brass connector male & female', 1, '8', 166, '2017-08-06 13:10:43', '2017-08-06 07:57:13'),
(1470, 'W1/PWA/1159', 'Canvas Hose 3?x 15? with brass connector male & female      ', 1, '30', 168, '2017-08-06 13:10:43', '2017-08-06 07:57:13'),
(1471, 'W1(A)/PWA(A)/1164', 'Strainer with Check Valve     ', 1, '8', 168, '2017-08-06 13:10:43', '2017-08-06 07:57:13'),
(1472, 'PJA-0214', 'Hose Key ', 1, '8', 168, '2017-08-06 13:10:43', '2017-08-06 07:57:14'),
(1474, 'W1(A)/PWA(A)/1164', 'Canvas Hose 3?x 15? with brass Brass connector male & female ', 1, '8', 168, '2017-08-06 13:10:43', '2017-08-06 07:57:14'),
(1477, 'GP-ENGR-00316\nUN-MSN-0250', 'Water Pump with Frame\nPeter Diesel Engine 8 HP', 1, '8', 168, '2017-08-06 13:10:43', '2017-08-06 07:57:14'),
(1479, 'W1/PWA-1168', 'Armed Hose 3?x30? with Brass connector male & female       ', 1, '8', 166, '2017-08-06 13:10:43', '2017-08-06 07:57:14'),
(1482, 'AVN-NIV-I-46', 'Steel Bar (Iron Rod) ??', 4, '393', 167, '2017-08-06 13:10:43', '2017-08-06 07:57:14'),
(1483, 'W8/PWH-1161', 'Angle Iron 2x 1 ??', 14, '786', 167, '2017-08-06 13:10:43', '2017-08-06 07:57:14'),
(1484, 'AVN-NIV-L-22\nH3/UN-251-1612-0589', 'Lasani Sheet 8?x4?', 1, '49', 168, '2017-08-06 13:10:43', '2017-08-06 07:57:14'),
(1485, 'W1(A)/PWA(A)/1166', 'Socket for Iron Pipe  4? Dia', 1, '49', 167, '2017-08-06 13:10:43', '2017-08-06 07:57:14'),
(1486, 'KB/UN-250-0320', 'Shoe Racks', 1, '8', 168, '2017-08-06 13:10:43', '2017-08-06 07:57:14'),
(1488, 'KB/UN-250-1703-0932', 'Khauncha Large (For Degcha)', 1, '21', 167, '2017-08-06 13:10:43', '2017-08-06 07:57:14'),
(1489, 'KB/UN-250-0117', 'Khauncha Small (For Degcha)', 1, '9', 167, '2017-08-06 13:10:43', '2017-08-06 07:57:14'),
(1490, 'H3/UN-250-0270', 'Wooden Phatta (For prep Chappati)', 1, '24', 166, '2017-08-06 13:10:43', '2017-08-06 07:57:14'),
(1491, 'KD/UN-250-0195', 'Slicer Steel For (Pratha)', 1, '24', 167, '2017-08-06 13:10:43', '2017-08-06 07:57:14'),
(1492, 'KE/UN-MSN-0725', 'Hanging Scale (250 Kgs)', 1, '9', 167, '2017-08-06 13:10:43', '2017-08-06 07:57:14'),
(1493, 'J1/UN-250-0291', 'Axes 8 Lbs', 1, '9', 167, '2017-08-06 13:10:43', '2017-08-06 07:57:14'),
(1494, 'UN-MSN-0513', 'Keef for K-II Oil', 1, '14', 167, '2017-08-06 13:10:43', '2017-08-06 07:57:14'),
(1495, 'UN-MSN-0257', 'Hand Pump Draning for K-II Oil', 1, '9', 167, '2017-08-06 13:10:43', '2017-08-06 07:57:14'),
(1496, '', 'Saw Med', 1, '24', 168, '2017-08-06 13:10:43', '2017-08-06 07:57:14'),
(1497, 'B3/1005-ZO-102-8111\nP30000189\n1005-00-960-6520', 'Sling for MP5A2', 1, '393', 166, '2017-08-06 13:10:43', '2017-08-06 07:57:14'),
(1498, 'P30000091\n1005-99-910-6519', 'Sling for Rifle G-3', 1, '1572', 179, '2017-08-06 13:10:43', '2017-08-06 07:57:14'),
(1499, '1005-ZO-100-6720\n1005-ZO-101-3794', 'Sling for LMG / MG1A3', 1, '197', 179, '2017-08-06 13:10:43', '2017-08-06 07:57:14'),
(1500, 'CD/UN-250-0026', 'CapS (Mosque)', 1, '983', 179, '2017-08-06 13:10:43', '2017-08-06 07:57:14'),
(1501, 'W8/UN/MSN/0864', 'Copper Rod (Receptor)', 1, '49', 169, '2017-08-06 13:10:43', '2017-08-06 07:57:14'),
(1502, '', 'Base Plate for receptor ', 1, '9', 168, '2017-08-06 13:10:43', '2017-08-06 07:57:14'),
(1503, 'Z2/UN/MSN/0844', 'Copper Strip 1? wide', 14, '296', 166, '2017-08-06 13:10:43', '2017-08-06 07:57:15'),
(1504, 'W18/UN/MSN/0863', 'Nut/Bolts (Copper)', 1, '197', 166, '2017-08-06 13:10:43', '2017-08-06 07:57:15'),
(1505, 'Z2/UN/MSN/0849', 'Base Plate (earth Copper) (1? x1? x1?)', 1, '9', 168, '2017-08-06 13:10:43', '2017-08-06 07:57:15'),
(1506, 'GP-ENGTRA-03614\nW18/UN/MNS/0713', 'Perforated Pipe ', 14, '99', 171, '2017-08-06 13:10:43', '2017-08-06 07:57:15'),
(1507, 'Z2/UN/MSN/0850', 'Copper Joint ', 1, '49', 168, '2017-08-06 13:10:43', '2017-08-06 07:57:15'),
(1508, '', 'Clips ', 1, '16', 171, '2017-08-06 13:10:43', '2017-08-06 07:57:15'),
(1509, 'H8/UN-250-0297', 'Sceneries / wall hangings', 1, '94', 166, '2017-08-06 13:10:43', '2017-08-06 07:57:15'),
(1510, '7220-ZO-250-4713', 'Floor mating', 16, '14148', 167, '2017-08-06 13:10:43', '2017-08-06 07:57:15'),
(1511, 'CC/UN/250/0084', 'Green House Cloth ', 3, '393', 169, '2017-08-06 13:10:43', '2017-08-06 07:57:15'),
(1512, 'H7/UN-250-0131', 'Mosquitoes Repellent  (Mospel)', 1, '1671', 169, '2017-08-06 13:10:43', '2017-08-06 07:57:15'),
(1513, 'KD/UN/250/0419', 'Glass / Acrylic Board 1 x 1 ? ', 1, '39', 167, '2017-08-06 13:10:43', '2017-08-06 07:57:15'),
(1514, 'PZZC-0793-A', 'Cptr for Tps Cptr Room ( core i3/ core i5)', 1, '1', 167, '2017-08-06 13:10:43', '2017-08-06 07:57:15'),
(1515, 'KD/UN/250/0323', 'Rostrum Glass', 1, '1', 172, '2017-08-06 13:10:43', '2017-08-06 07:57:15'),
(1516, 'H4/UN/250/0405', 'Book Shelf', 1, '1', 167, '2017-08-06 13:10:43', '2017-08-06 07:57:15'),
(1517, 'GP-GENSTO-13717\nNIV-TEMP-0226', 'Meat mincing machine ', 1, '1', 167, '2017-08-06 13:10:43', '2017-08-06 07:57:15'),
(1518, 'KD/UN/250/0021', 'Bottle 20 lits for water dispenser', 2, '5', 167, '2017-08-06 13:10:43', '2017-08-06 07:57:15'),
(1519, 'CN/UN/250/0306', 'First Aid bag for vehs', 1, '296', 167, '2017-08-06 13:10:43', '2017-08-06 07:57:15'),
(1520, 'H1/8030-99-910-0484', 'Rifle oil (PX-4)', 5, '314', 169, '2017-08-06 13:10:43', '2017-08-06 07:57:15'),
(1521, 'AVN-NIV-K-13', 'Elbow and Knee Pads', 1, '393', 167, '2017-08-06 13:10:43', '2017-08-06 07:57:15'),
(1522, '8465-ZO-250-2166', 'Pistol Pouch', 1, '139', 166, '2017-08-06 13:10:43', '2017-08-06 07:57:15'),
(1523, 'KD/UN/250/0066', 'Dust bin large size', 1, '39', 169, '2017-08-06 13:10:43', '2017-08-06 07:57:15'),
(1524, 'GP-GEN-15114\nG1/PGA-2430', 'Locks china large size for stores with 3 x keys', 1, '492', 167, '2017-08-06 13:10:43', '2017-08-06 07:57:15'),
(1525, 'UN-MSN-0873', 'Traffic cones (triangle)', 1, '60', 167, '2017-08-06 13:10:43', '2017-08-06 07:57:15'),
(1526, 'KD/UN/250/0164', 'Pole L Type (Length 33? & Width 20?)', 8, '118', 176, '2017-08-06 13:10:43', '2017-08-06 07:57:15'),
(1527, '', 'Runner (red) 20?', 1, '5', 167, '2017-08-06 13:10:43', '2017-08-06 07:57:15'),
(1528, 'H8/UN/250/0070', 'Flag Pole (20 ft) Dia 2?', 8, '16', 166, '2017-08-06 13:10:43', '2017-08-06 07:57:15'),
(1529, 'X2/UN/MSN/0870', 'Alarm Bell with stand', 1, '1', 166, '2017-08-06 13:10:43', '2017-08-06 07:57:15'),
(1530, 'KB/UN/250/0116', 'Key Box', 1, '1', 168, '2017-08-06 13:10:43', '2017-08-06 07:57:15'),
(1531, 'KD/UN-251-1611-0510', 'Mirror (Large 2x4?)', 1, '1', 167, '2017-08-06 13:10:43', '2017-08-06 07:57:15'),
(1532, 'UN-MSN-0476', 'Treasury Box', 1, '1', 167, '2017-08-06 13:10:43', '2017-08-06 07:57:15'),
(1533, '5330-ZO-250-8374', 'Rope Asbestos', 4, '9', 167, '2017-08-06 13:10:43', '2017-08-06 07:57:15'),
(1534, 'GP-GENSTO-15514\n8310-ZO-250-0536', 'Thread Cotton', 4, '5', 167, '2017-08-06 13:10:43', '2017-08-06 07:57:15'),
(1535, 'UN-MSN-0720', 'Nail Steel 2 inch', 4, '6', 166, '2017-08-06 13:10:43', '2017-08-06 07:57:15'),
(1536, 'UN-MSN-0721', 'Nail Steel 3 inch', 4, '6', 167, '2017-08-06 13:10:43', '2017-08-06 07:57:16'),
(1537, 'STY-MO-UN-MSN-0056', 'Squash Tape (2")', 17, '39', 167, '2017-08-06 13:10:43', '2017-08-06 07:57:16'),
(1538, 'UN-MSN-0355', 'Gas Welding Rod', 4, '21', 174, '2017-08-06 13:10:43', '2017-08-06 07:57:16'),
(1539, '3439-ZO-101-3350', 'Flex Welding Bronze Phospher', 4, '9', 168, '2017-08-06 13:10:43', '2017-08-06 07:57:16'),
(1540, '3439-ZO-101-3352', 'Flex Welding Iron Cast', 4, '9', 167, '2017-08-06 13:10:43', '2017-08-06 07:57:16'),
(1541, 'H7/UN-250-0006', 'Astiline Acid PM', 5, '39', 167, '2017-08-06 13:10:43', '2017-08-06 07:57:16'),
(1542, 'H1(C)/UN-251-1703-0933', 'Brake Fluid with PM', 5, '39', 167, '2017-08-06 13:10:43', '2017-08-06 07:57:16'),
(1543, 'PZJ-0080-A', 'Bty Terminals Negitive', 1, '49', 167, '2017-08-06 13:10:43', '2017-08-06 07:57:16'),
(1544, 'PZJ-0081-A', 'Bty Terminals Positive', 1, '49', 171, '2017-08-06 13:10:43', '2017-08-06 07:57:16'),
(1545, 'W8/3820-ZO-152-2566\nG1/UN/MSN/0516', 'Spacer', 7, '9', 171, '2017-08-06 13:10:43', '2017-08-06 07:57:16'),
(1546, 'F1/UN-251-1704-1093', 'Washer (Fuel Pipe Line) No. 10', 7, '5', 167, '2017-08-06 13:10:43', '2017-08-06 07:57:16'),
(1547, 'F1/UN-251-1704-1094', 'Washer (Fuel Pipe Line) No. 12', 7, '5', 166, '2017-08-06 13:10:43', '2017-08-06 07:57:16'),
(1548, 'F1/UN-251-1704-1095', 'Washer (Fuel Pipe Line) No. 14', 7, '5', 166, '2017-08-06 13:10:43', '2017-08-06 07:57:16'),
(1549, 'F1/UN-251-1704-1096', 'Washer (Fuel Pipe Line) No. 17', 7, '5', 166, '2017-08-06 13:10:43', '2017-08-06 07:57:16'),
(1550, 'F1/UN-251-1704-1097', 'Washer (Fuel Pipe Line) No. 19', 7, '5', 166, '2017-08-06 13:10:43', '2017-08-06 07:57:16'),
(1551, 'F1/UN-251-1704-1098', 'Washer (Fuel Pipe Line) No. 22', 7, '5', 166, '2017-08-06 13:10:43', '2017-08-06 07:57:16'),
(1552, 'F1/UN-251-1704-1099', 'Washer Return Fuel Pipe Line No. 12', 7, '5', 166, '2017-08-06 13:10:43', '2017-08-06 07:57:16'),
(1553, 'F1/UN-251-1704-1100', 'Washer Return Fuel Pipe Line No. 14', 7, '5', 166, '2017-08-06 13:10:43', '2017-08-06 07:57:16'),
(1554, 'F1/UN-251-1704-1101', 'Washer Return Fuel Pipe Line No. 17', 7, '5', 166, '2017-08-06 13:10:43', '2017-08-06 07:57:16'),
(1555, 'UN-MSN-0263', 'Gas R22 USA (Cyl 13.6 Kg)', 18, '21', 166, '2017-08-06 13:10:43', '2017-08-06 07:57:16'),
(1556, 'UN-MSN-0262', 'Gas R134a USA (13.6 kg)', 18, '21', 167, '2017-08-06 13:10:43', '2017-08-06 07:57:16'),
(1557, 'UN-MSN-0271', 'Gas R12 USA (13.6 kg)', 18, '21', 167, '2017-08-06 13:10:43', '2017-08-06 07:57:16'),
(1558, 'W8/UN-MSN-0854', 'Compressor Oil (134a)', 5, '21', 167, '2017-08-06 13:10:43', '2017-08-06 07:57:16'),
(1559, 'UN-MSN-0421', 'Defodile Tape of Gas Pipe', 1, '99', 168, '2017-08-06 13:10:43', '2017-08-06 07:57:16'),
(1560, 'Z29-PZZ-0815-A', 'Cleaning Kit Instrument', 19, '5', 168, '2017-08-06 13:10:43', '2017-08-06 07:57:16'),
(1561, '6810-ZO-250-7895', 'Spirit', 6, '21', 171, '2017-08-06 13:10:43', '2017-08-06 07:57:16'),
(1562, '6640-ZO-250-8170', 'Kamel Hair Brush', 1, '6', 166, '2017-08-06 13:10:43', '2017-08-06 07:57:16'),
(1563, 'B2/1090-ZO-100-6176', 'Weight Pullthrough ', 1, '99', 167, '2017-08-06 13:10:43', '2017-08-06 07:57:16'),
(1564, 'GP-GENSTO-15400\nH1/8030-99-910-0484', 'Oil PX-4', 5, '197', 166, '2017-08-06 13:10:43', '2017-08-06 07:57:16'),
(1565, 'B2-PBB-0001', 'Flannelette ', 3, '786', 167, '2017-08-06 13:10:43', '2017-08-06 07:57:16'),
(1566, '', 'Radium ', 6, '39', 169, '2017-08-06 13:10:43', '2017-08-06 07:57:16'),
(1567, 'G1/5320-ZO-152-4942', 'Rivets 1 inch', 7, '21', 166, '2017-08-06 13:10:43', '2017-08-06 07:57:16'),
(1568, 'D1/UN-251-1704-1147', 'Rivets 1.5 inch', 7, '21', 166, '2017-08-06 13:10:43', '2017-08-06 07:57:16'),
(1569, '', 'Sheet Mild Steel Gauge 20, 3'' x 6'' ', 1, '39', 166, '2017-08-06 13:10:43', '2017-08-06 07:57:16'),
(1570, '', 'Sheet Mild Steel Gauge 18, 3'' x 6'' ', 1, '39', 166, '2017-08-06 13:10:43', '2017-08-06 07:57:16'),
(1571, '', 'Sheet Mild Steel Gauge 16, 3'' x 6'' ', 1, '39', 166, '2017-08-06 13:10:43', '2017-08-06 07:57:16'),
(1572, 'G2/UNMSN/0730', 'Sariya 2.5 suttar', 14, '21', 166, '2017-08-06 13:10:43', '2017-08-06 07:57:16'),
(1573, 'G2/UNMSN/0732', 'Metal Rebar (Sariya) 0.5 inch', 14, '21', 167, '2017-08-06 13:10:43', '2017-08-06 07:57:16'),
(1574, 'G2/UNMSN/0731', 'Metal Rebar (Sariya) 1 inch', 14, '21', 167, '2017-08-06 13:10:43', '2017-08-06 07:57:16'),
(1575, 'GP-VEHTA-00338\n26970', 'Compound Polish', 4, '21', 167, '2017-08-06 13:10:43', '2017-08-06 07:57:16'),
(1576, 'H6/UN-250-0104', 'Humidity thermometer', 1, '9', 168, '2017-08-06 13:10:43', '2017-08-06 07:57:17'),
(1577, 'GP-ENGR-00245', 'Thermometer', 1, '21', 168, '2017-08-06 13:10:43', '2017-08-06 07:57:17'),
(1578, 'GP-STY-00117', 'Bin Card', 1, '197', 168, '2017-08-06 13:10:43', '2017-08-06 07:57:17'),
(1579, 'STY/MO-UN-MSN-0033', 'Accounting Card', 1, '786', 174, '2017-08-06 13:10:43', '2017-08-06 07:57:17'),
(1580, 'KD/UN-250-0065', 'Dunage', 20, '197', 174, '2017-08-06 13:10:43', '2017-08-06 07:57:17'),
(1581, '9515-ZO-101-3173', 'CGI Sheet', 1, '983', 166, '2017-08-06 13:10:43', '2017-08-06 07:57:17'),
(1584, '6505-ZO-250-7884', 'Sodium bicarbonate (NaoH)', 4, '60', 167, '2017-08-06 13:10:43', '2017-08-06 07:57:17'),
(1585, 'STY-MO-UN-MSN-0044\nSTY-251-1703-0044', 'Indent Book 25/91', 1, '21', 167, '2017-08-06 13:10:43', '2017-08-06 07:57:17'),
(1586, 'STY-MO-UN-MSN-0045', 'Indent Book 25/92', 1, '21', 167, '2017-08-06 13:10:43', '2017-08-06 07:57:17'),
(1588, '7350-ZO-250-2609', 'Mug Silver', 1, '49', 176, '2017-08-06 13:10:43', '2017-08-06 07:57:17'),
(1589, 'GP-GENSTO-18908', 'Mug Steel', 1, '39', 167, '2017-08-06 13:10:43', '2017-08-06 07:57:17');
INSERT INTO `products` (`id`, `part_no`, `item_name`, `unit_id`, `quantity`, `categorie_id`, `date`, `last_updated`) VALUES
(1590, 'GP-GENSTO-18669\n7240-ZO-250-7209', 'Bucket Metal', 1, '49', 167, '2017-08-06 13:10:43', '2017-08-06 07:57:17'),
(1591, '8465-ZO-250-9620', 'Belt Waist Green Olive', 1, '1475', 167, '2017-08-06 13:10:43', '2017-08-06 07:57:17'),
(1592, 'GP-GENSTO-18672\nUN-MSN-0872', 'Coal (Stone)', 4, '21', 166, '2017-08-06 13:10:43', '2017-08-06 07:57:17'),
(1593, 'KD/UN-250-0251', 'Washroom Tile', 1, '0', 167, '2017-08-06 13:10:43', '2017-08-06 07:57:17'),
(1594, 'H4/UN-250-0259', 'White Cement', 21, '39', 166, '2017-08-06 13:10:43', '2017-08-06 07:57:17'),
(1595, '6532-ZO-259-3454', 'Apron', 1, '99', 167, '2017-08-06 13:10:43', '2017-08-06 07:57:17'),
(1596, 'UN-MSN-0301', 'Grass Cutter Machine', 1, '8', 169, '2017-08-06 13:10:43', '2017-08-06 07:57:17'),
(1597, 'H4/UN-250-0273', 'Wooden Polish', 7, '21', 168, '2017-08-06 13:10:43', '2017-08-06 07:57:17'),
(1598, 'UN-250-0298', 'Diesel Burner', 7, '21', 167, '2017-08-06 13:10:43', '2017-08-06 07:57:17'),
(1599, 'Y1-PYA-0154-A', 'Elec Power Cable 7/64, 7/52 only copper', 3, '1965', 169, '2017-08-06 13:10:43', '2017-08-06 07:57:17'),
(1600, 'KF/UN-250-0356', 'Dinner set for offrs mess VIP quality (6 Man)', 8, '9', 166, '2017-08-06 13:10:43', '2017-08-06 07:57:17'),
(1601, 'PZZC/0786-A', 'WIFI Routers Universal', 8, '9', 167, '2017-08-06 13:10:43', '2017-08-06 07:57:17'),
(1602, 'Y1/PYA/0158/A', 'Cordless set', 8, '9', 172, '2017-08-06 13:10:43', '2017-08-06 07:57:17'),
(1603, 'GP-GENSTO-09985\nMIL-D-3436', 'Slica Jel', 7, '99', 171, '2017-08-06 13:10:43', '2017-08-06 07:57:17'),
(1604, 'GP-GENSTO-17405', 'Chalk French', 4, '21', 177, '2017-08-06 13:10:43', '2017-08-06 07:57:17'),
(1605, 'GP-GENSTO-10016\n6210-ZO-250-2842', 'Naphthalene Balls', 4, '39', 166, '2017-08-06 13:10:43', '2017-08-06 07:57:17'),
(1606, 'NIV-SS-UN-204', 'Cell Recharable for GPS', 1, '55', 167, '2017-08-06 13:10:43', '2017-08-06 07:57:17'),
(1607, 'H7/UN-250-0175', 'Rat killer tablets / poison', 7, '492', 171, '2017-08-06 13:10:43', '2017-08-06 07:57:18'),
(1608, 'KF/7340-ZO-250-5458', 'Rat killer cage/ trap', 1, '99', 166, '2017-08-06 13:10:43', '2017-08-06 07:57:18'),
(1609, 'GP-GENSTO-18891\nUN-MSN-0478', 'Punching Machine ', 1, '5', 166, '2017-08-06 13:10:43', '2017-08-06 07:57:18'),
(1610, 'STY-MO-UN-MSN-0014', 'Pencil Tray', 1, '9', 167, '2017-08-06 13:10:43', '2017-08-06 07:57:18'),
(1611, 'GP-GENSTO-15336\nNIV-PFA-16800', 'Scissor For Stationary', 1, '9', 174, '2017-08-06 13:10:43', '2017-08-06 07:57:18'),
(1612, 'H8/UN-250-0197\nH8/UN-250-0197', 'Lancers Small Flag', 8, '5', 167, '2017-08-06 13:10:43', '2017-08-06 07:57:18'),
(1613, '9905-ZO-151-6430', 'Star Plate For Comd 3 star', 8, '1', 167, '2017-08-06 13:10:43', '2017-08-06 07:57:18'),
(1614, '9905-ZO-151-6429', 'Star Plate 2 star', 8, '1', 167, '2017-08-06 13:10:43', '2017-08-06 07:57:18'),
(1615, 'KB/UN-251-1704-1089', 'Tgt LMG/MG 4x4', 8, '49', 167, '2017-08-06 13:10:43', '2017-08-06 07:57:18'),
(1616, 'KB/UN-251-1704-1088', 'Tgt Figer-2', 8, '99', 166, '2017-08-06 13:10:43', '2017-08-06 07:57:18'),
(1617, '', 'Brush for Painting 6?', 1, '24', 166, '2017-08-06 13:10:43', '2017-08-06 07:57:18'),
(1618, 'FA-10628', 'Brush for Painting 4?', 1, '24', 167, '2017-08-06 13:10:43', '2017-08-06 07:57:18'),
(1619, 'H4/UN-250-0375\nKF/UN-250-0029', 'Chair (Chair Plastic)', 1, '60', 167, '2017-08-06 13:10:43', '2017-08-06 07:57:18'),
(1620, 'H4/UN-250-0411', 'Long Reading Table 12?x14?', 1, '8', 167, '2017-08-06 13:10:43', '2017-08-06 07:57:18'),
(1621, 'H4/UN-250-0410', 'Wooden Racks for Books', 1, '21', 167, '2017-08-06 13:10:43', '2017-08-06 07:57:18'),
(1622, 'KC/UN-250-0027\nKD/UN-250-0247', 'Carpet (14? x 14?)', 1, '5', 167, '2017-08-06 13:10:43', '2017-08-06 07:57:18'),
(1623, 'KC/UN-250-0020', 'Blanket (Unsvc) for packing', 1, '492', 167, '2017-08-06 13:10:43', '2017-08-06 07:57:18'),
(1624, 'UN-MSN-0292', 'Seal for Carton all Type', 1, '275', 167, '2017-08-06 13:10:43', '2017-08-06 07:57:18'),
(1626, 'KF/7340-ZO-250-5458', 'Mouse Traps', 1, '99', 168, '2017-08-06 13:10:43', '2017-08-06 07:57:18'),
(1627, 'H7/UN-250-0175', 'Mouse Killer Tablets ', 7, '590', 166, '2017-08-06 13:10:43', '2017-08-06 07:57:18'),
(1629, 'CC/UN-250-0210', 'Carpeted suffs for Mosque 20?', 1, '178', 168, '2017-08-06 13:10:43', '2017-08-06 07:57:18'),
(1630, 'STY-MO-UN-MSN-0065', 'Quran Majeed ', 1, '99', 169, '2017-08-06 13:10:43', '2017-08-06 07:57:18'),
(1631, 'H4/UN-250-0387', 'Khutba Chair', 1, '1', 174, '2017-08-06 13:10:43', '2017-08-06 07:57:18'),
(1632, 'KD/UN-250-0377', 'Safe steel (Quran Majeed)', 1, '1', 167, '2017-08-06 13:10:43', '2017-08-06 07:57:18'),
(1633, 'KB/UN-250-0321', 'Rail for Quran Majeed', 1, '60', 167, '2017-08-06 13:10:43', '2017-08-06 07:57:18'),
(1634, 'KB/UN-250-0337', 'Islamic Senery ', 1, '21', 167, '2017-08-06 13:10:43', '2017-08-06 07:57:18'),
(1635, 'KB/UN-250-0320', 'Rack for Shoes (4? x 6?) ', 1, '1', 167, '2017-08-06 13:10:43', '2017-08-06 07:57:18'),
(1636, 'PWK-0431-A', 'Clock for Timing of Namaz ', 1, '1', 167, '2017-08-06 13:10:43', '2017-08-06 07:57:18'),
(1638, 'UN-MSN-0875', 'Polish for Rubber /Plastic Parts of Veh (450  ml) ', 6, '983', 168, '2017-08-06 13:10:43', '2017-08-06 07:57:18'),
(1639, 'LV6/UN-MSN-0568', 'Grease Gun for APCs          (10 Kgs) ', 1, '1', 176, '2017-08-06 13:10:43', '2017-08-06 07:57:18'),
(1640, 'KC/UN-250-0296', 'Desert Mats (20?) ', 17, '39', 176, '2017-08-06 13:10:43', '2017-08-06 07:57:18'),
(1641, 'UN-MSN-0429', 'Nozzle for water Bowzer (2.5?)', 1, '9', 167, '2017-08-06 13:10:43', '2017-08-06 07:57:19'),
(1642, 'UN-MSN-0434', 'Plastic Pipe (20? each & Dia  1??) with Nozzles for Fuel Bowzer ', 1, '8', 168, '2017-08-06 13:10:43', '2017-08-06 07:57:19'),
(1643, '', 'Silver Wind Sheild Reflector Cover ', 1, '236', 176, '2017-08-06 13:10:43', '2017-08-06 07:57:19'),
(1644, 'GP-VEHTA-02189\n4910-ZO-273-3662', 'Tyre pressure Gauge', 1, '39', 166, '2017-08-06 13:10:43', '2017-08-06 07:57:19'),
(1645, 'UN-MSN-0427', 'Canvas Pipe with water bowzers (15 Mtrs) with Clips', 1, '16', 176, '2017-08-06 13:10:43', '2017-08-06 07:57:19'),
(1646, 'H1(C)/UN-251-1703-0933', 'Rubber Tyre Polish 1000 ml', 6, '393', 168, '2017-08-06 13:10:43', '2017-08-06 07:57:19'),
(1647, '9-8551-1031-0', 'Jack Stand 6 Ton', 1, '13', 167, '2017-08-06 13:10:43', '2017-08-06 07:57:19'),
(1648, '9-8551-2606-0', 'Jack Stand 3 Ton', 1, '13', 168, '2017-08-06 13:10:43', '2017-08-06 07:57:19'),
(1649, 'UN-MSN-0338', 'Transmission Jack 1.5 Ton', 1, '1', 168, '2017-08-06 13:10:43', '2017-08-06 07:57:19'),
(1650, '0148-33-81', 'Air Compressor 200 Lit-4 HP', 1, '1', 176, '2017-08-06 13:10:43', '2017-08-06 07:57:19'),
(1651, 'UN-MSN-0313', 'Chain Block 5 Ton', 1, '1', 168, '2017-08-06 13:10:43', '2017-08-06 07:57:19'),
(1652, 'UN-MSN-0309', 'Car Creeper 40"', 1, '1', 176, '2017-08-06 13:10:43', '2017-08-06 07:57:19'),
(1653, 'UN-MSN-0339', 'Y709 Functions Many Puller Combination', 1, '1', 167, '2017-08-06 13:10:43', '2017-08-06 07:57:19'),
(1654, 'LV6/MT2/PMTB-1171', '1/2" Dr. Torque Wrench (70-350 Nm)', 1, '1', 176, '2017-08-06 13:10:43', '2017-08-06 07:57:19'),
(1655, 'LV6/MT2/PMTB-1172', '1/2" Dr. Torque Wrench (40-210 Nm)', 1, '1', 168, '2017-08-06 13:10:43', '2017-08-06 07:57:19'),
(1656, 'UN-MSN-0308', '47 Pieces Metric & SAE Deep Hand Socket Set - 6 pt', 1, '5', 168, '2017-08-06 13:10:43', '2017-08-06 07:57:19'),
(1657, 'GP-GENSTO-18951\n9-85114-902-0', 'Sliding T Handle', 1, '5', 168, '2017-08-06 13:10:43', '2017-08-06 07:57:19'),
(1658, 'UN-MSN-0333', '12 Pieces Combination Tang-Thru Screw Driver Set', 1, '5', 167, '2017-08-06 13:10:43', '2017-08-06 07:57:19'),
(1659, 'UN-MSN-0351', '24 Pieces Metric Combination Wrench Set', 1, '5', 168, '2017-08-06 13:10:43', '2017-08-06 07:57:19'),
(1660, 'UN-MSN-0334', '13 piece Metric Double ended Offset Ring Wrench Set', 1, '5', 168, '2017-08-06 13:10:43', '2017-08-06 07:57:19'),
(1661, 'UN-MSN-0305', '25 Pieces Metric & SAE Hex key wrench Set', 1, '5', 168, '2017-08-06 13:10:43', '2017-08-06 07:57:19'),
(1662, '', 'adjustable Wrench (380 mm Length- 46 mm Jaw)', 1, '5', 167, '2017-08-06 13:10:43', '2017-08-06 07:57:19'),
(1663, 'UN-MSN-0320', '4 Piece retaining Ring Plier set', 1, '5', 166, '2017-08-06 13:10:43', '2017-08-06 07:57:19'),
(1664, 'UN-MSN-0345', '4 Piece General Purpose Plier Set', 1, '5', 167, '2017-08-06 13:10:43', '2017-08-06 07:57:19'),
(1665, 'UN-MSN-0311', 'Curve jaw Locking Pliers with Cutter Length 7"', 1, '5', 167, '2017-08-06 13:10:43', '2017-08-06 07:57:19'),
(1666, 'UN-MSN-0307', '7 Piece Small File set', 1, '5', 167, '2017-08-06 13:10:43', '2017-08-06 07:57:19'),
(1667, 'UN-MSN-0319\nF1/5120-ZO-150-4641', 'Ball Peen Hammer 908 Gm (Hammer Hand Engr (Ball Peen) Carbon Steel, Wt 1 Lbs)', 1, '5', 167, '2017-08-06 13:10:43', '2017-08-06 07:57:19'),
(1668, 'UN-MSN-0337', '14 Piece Metric Punch and Chiesel set', 1, '5', 167, '2017-08-06 13:10:43', '2017-08-06 07:57:19'),
(1669, 'UN-MSN-0341', '18 Piece Master Universal Caliper Wind Back Set', 1, '5', 167, '2017-08-06 13:10:43', '2017-08-06 07:57:19'),
(1670, 'UN-MSN-0316', '8 Piece Inner Tie Rod Tool Set', 1, '5', 167, '2017-08-06 13:10:43', '2017-08-06 07:57:19'),
(1671, 'UN-MSN-0336', '7 Piece Ball Joint Removal and Installing Set', 1, '5', 176, '2017-08-06 13:10:43', '2017-08-06 07:57:19'),
(1672, 'UN-MSN-0335', '14 Piece Ball Joint Adopter Set', 1, '5', 176, '2017-08-06 13:10:43', '2017-08-06 07:57:19'),
(1673, 'UN-MSN-0343', '6 Piece Screw Extractor Set', 1, '5', 176, '2017-08-06 13:10:43', '2017-08-06 07:57:19'),
(1674, 'GP-GENSTO-18962', 'Magnetic parts Tray', 1, '5', 167, '2017-08-06 13:10:43', '2017-08-06 07:57:20'),
(1675, 'UN-MSN-0312', 'Flexible Magnetic Pickup Tool', 1, '5', 166, '2017-08-06 13:10:43', '2017-08-06 07:57:20'),
(1676, 'UN-MSN-0296 (12")\nF1/PFA-1174 (12")\n5110-ZO-150-4541', 'Adjustable Hacksaw (10" & 12" Blades)', 1, '5', 167, '2017-08-06 13:10:43', '2017-08-06 07:57:20'),
(1677, 'UN-MSN-0306', 'Feeler Gauge (25 Blades Metric)', 1, '5', 167, '2017-08-06 13:10:43', '2017-08-06 07:57:20'),
(1678, '5180-327-4915', 'Tool Kit Elect Complete (ET-776)', 1, '1', 167, '2017-08-06 13:10:43', '2017-08-06 07:57:20'),
(1679, '5180-754-0640', 'Tool Kit Armr (ET-207)', 1, '1', 167, '2017-08-06 13:10:43', '2017-08-06 07:57:20'),
(1680, 'W10/PWK/0433/A', 'New Electronics Serving Kit', 1, '1', 167, '2017-08-06 13:10:43', '2017-08-06 07:57:20'),
(1681, 'GP-GENSTO-14424\n5120-99-910-4292', 'Anvils Black Smith ', 1, '1', 168, '2017-08-06 13:10:43', '2017-08-06 07:57:20'),
(1682, 'UN-MSN-0253', 'Soldering Iron Straight Diamand Tip 280OZ Bit', 1, '1', 167, '2017-08-06 13:10:43', '2017-08-06 07:57:20'),
(1683, 'Z4/PZD/0465/A', 'Digital Multimeter', 1, '1', 168, '2017-08-06 13:10:43', '2017-08-06 07:57:20'),
(1684, 'GP-SIGTA-04318\nPDJ-0520-A', 'Transister Tester BK-520B ', 1, '1', 171, '2017-08-06 13:10:43', '2017-08-06 07:57:20'),
(1685, 'WX-0905', 'Blower Portable Elect 60 C.F.M 240V AC ', 1, '1', 171, '2017-08-06 13:10:43', '2017-08-06 07:57:20'),
(1686, 'H6/UN-250-0104\n6660-239-4019', 'Thermometer Max/Min ', 1, '1', 168, '2017-08-06 13:10:43', '2017-08-06 07:57:20'),
(1687, 'GP-GENSTO-15290\n7125-357-6517', 'Cabinet Storage Assy ', 1, '8', 167, '2017-08-06 13:10:43', '2017-08-06 07:57:20'),
(1688, 'Cancelled', 'IDS Defender ', 1, '1', 167, '2017-08-06 13:10:43', '2017-08-06 07:57:20'),
(1689, 'Cancelled', 'Easy Euro Cargo 7.5 Ton ', 1, '1', 180, '2017-08-06 13:10:43', '2017-08-06 07:57:20'),
(1690, 'AVN-NIV-S-293\nNIV-SS-UN-4762', 'Soldering Iron Elect 150W', 1, '5', 180, '2017-08-06 13:10:43', '2017-08-06 07:57:20'),
(1691, 'GP-GENSTO-18300\nPHF-0024', 'Distil Water Plant', 1, '1', 171, '2017-08-06 13:10:43', '2017-08-06 07:57:20'),
(1692, 'GP-GENSTO-18930\nUN-MSN-034', 'LVCT Meter ', 1, '1', 167, '2017-08-06 13:10:43', '2017-08-06 07:57:20'),
(1693, 'GP-GENSTO-18957\n5120-243-9072', 'Table Vice 18"', 1, '1', 167, '2017-08-06 13:10:43', '2017-08-06 07:57:20'),
(1694, 'GP-ENGRTA-01544\n5120-230-7843', 'Slidge Hammer ', 1, '1', 168, '2017-08-06 13:10:43', '2017-08-06 07:57:20'),
(1695, '', 'Gauge Unspector plate 1.9MM MK-1', 1, '1', 168, '2017-08-06 13:10:43', '2017-08-06 07:57:20'),
(1696, 'C1/5220-ZO-101-3788', 'Gauge Armr Plug 7.472 MM Mk-1', 1, '1', 166, '2017-08-06 13:10:43', '2017-08-06 07:57:20'),
(1697, '5220-ZO-101-2112', 'Gauge Armr Plug 12.662 MM Mk-1 (12.7 MM AA Gun', 1, '1', 166, '2017-08-06 13:10:43', '2017-08-06 07:57:20'),
(1698, 'GP-ENGR-00279\n6130-473-6175', 'Bty Charger 220 Volt', 1, '1', 166, '2017-08-06 13:10:43', '2017-08-06 07:57:20'),
(1699, 'UN-MSN0-0324', '59 Piece 3/8" Dr. Metric Hand Socket & Bit Set', 1, '1', 171, '2017-08-06 13:10:43', '2017-08-06 07:57:20'),
(1700, 'UN-MSN-0296', '12" Blade Length x 18 Teeth Per Inch Bi-Metal Hacksaw Blade - 10 Pack                                        No 20', 72, '0', 167, '2017-08-06 13:10:43', '2017-08-06 07:57:20'),
(1701, 'F1/PFA-1174', '10" Blade Length x 24 Teeth Per Inch Bi-Metal Hacksaw Blade - 1 Pack', 1, '39', 166, '2017-08-06 13:10:43', '2017-08-06 07:57:20'),
(1702, 'UN-MSN-0349', 'Swivel Handle oil filter wrench', 1, '5', 167, '2017-08-06 13:10:43', '2017-08-06 07:57:20'),
(1706, 'UN-MSN-0332', 'Diesel Nozzle Test Machine / Tester', 1, '5', 167, '2017-08-06 13:10:43', '2017-08-06 07:57:20'),
(1707, 'UN-MSN-0303', 'Three legged oil filter Wrench', 1, '9', 176, '2017-08-06 13:10:43', '2017-08-06 07:57:20'),
(1708, 'UN-MSN-0348', 'Heavy Duty Pipe Wrenches 18mm', 1, '1', 167, '2017-08-06 13:10:43', '2017-08-06 07:57:20'),
(1709, 'UN-MSN-0347', 'Heavy Duty Pipe Wrenches 24mm', 1, '1', 167, '2017-08-06 13:10:43', '2017-08-06 07:57:20'),
(1710, 'UN-MSN-0322', '25 Piece SAE & Metric L-Shaped Hex Wrench Set', 1, '1', 167, '2017-08-06 13:10:43', '2017-08-06 07:57:20'),
(1711, 'UN-MSN-0330', '7 pcs Pliers Set', 1, '1', 167, '2017-08-06 13:10:43', '2017-08-06 07:57:20'),
(1712, 'NIV-SS-UN-2008\nUN-MSN-0255', 'Soldering Iron 75 watt', 1, '6', 167, '2017-08-06 13:10:43', '2017-08-06 07:57:20'),
(1713, 'NIV-S-293\nUN-MSN-0326', 'Element Soldering Iron 150 watt', 1, '21', 168, '2017-08-06 13:10:43', '2017-08-06 07:57:20'),
(1714, 'UN-MSN-0327', 'Element Soldering Iron 75 watt', 1, '21', 167, '2017-08-06 13:10:43', '2017-08-06 07:57:21'),
(1715, 'AVN-NIV-S-226\n5120-ZO-250-4668', 'Sledge Hammer 5kg', 1, '1', 167, '2017-08-06 13:10:43', '2017-08-06 07:57:21'),
(1716, '8340-ZO-250-9937\n5120-ZO-150-4657', 'Hammer 2kg', 1, '6', 167, '2017-08-06 13:10:43', '2017-08-06 07:57:21'),
(1717, 'W4/PWB-1165', 'Battery Load Tester', 1, '1', 168, '2017-08-06 13:10:43', '2017-08-06 07:57:21'),
(1718, 'Y3/UN/MSN/0704', '35mm Jump (Booster) Leads', 8, '6', 167, '2017-08-06 13:10:43', '2017-08-06 07:57:21'),
(1719, 'UN-MSN-0500', 'Battery clamps hy duty (for battery charger)', 8, '9', 171, '2017-08-06 13:10:43', '2017-08-06 07:57:21'),
(1720, 'PZZP-0493-A\nZ9/PZJ/0079/A', 'DC Wire for battery Charger', 3, '39', 176, '2017-08-06 13:10:43', '2017-08-06 07:57:21'),
(1721, 'PZJ-0082-A', 'Model MV2410E Battery Charger', 1, '1', 171, '2017-08-06 13:10:43', '2017-08-06 07:57:21'),
(1722, 'NIV-SS-451015\n25867', 'Battery Hydrometer', 1, '6', 168, '2017-08-06 13:10:43', '2017-08-06 07:57:21'),
(1723, 'UN-MSN-0287', 'Welding holder for welding plant', 1, '6', 176, '2017-08-06 13:10:43', '2017-08-06 07:57:21'),
(1724, 'UN-MSN-0346', 'Free Section Hand Riveter', 1, '5', 168, '2017-08-06 13:10:43', '2017-08-06 07:57:21'),
(1725, 'KB/UN-250-0289', '5 Drawer Roller Cabinet', 1, '5', 167, '2017-08-06 13:10:43', '2017-08-06 07:57:21'),
(1726, 'UN-MSN-0717', '5-Inch Household/Project Steel Tool Box', 1, '9', 167, '2017-08-06 13:10:43', '2017-08-06 07:57:21'),
(1727, 'UN-MSN-0323', '3 Drawer Tool Chest', 1, '13', 167, '2017-08-06 13:10:43', '2017-08-06 07:57:21'),
(1728, 'UN-MSN-0331', '3/8" Dr. Reversible Ratchets', 1, '6', 166, '2017-08-06 13:10:43', '2017-08-06 07:57:21'),
(1729, 'KC/UN-250-0128', 'Measuring tape(inch tape)', 1, '5', 167, '2017-08-06 13:10:43', '2017-08-06 07:57:21'),
(1730, '', 'Puncture Machine', 1, '5', 167, '2017-08-06 13:10:43', '2017-08-06 07:57:21'),
(1731, '', 'Compound for Puncture', 22, '79', 166, '2017-08-06 13:10:43', '2017-08-06 07:57:21'),
(1732, '', 'Insulation for puncture', 22, '30', 166, '2017-08-06 13:10:43', '2017-08-06 07:57:21'),
(1733, 'KF/UN-251-1703-0937', 'Water tub for checking of puncture', 1, '8', 166, '2017-08-06 13:10:43', '2017-08-06 07:57:21'),
(1734, 'NIV-ES-2852', 'Water motors 2 HP for washing of vehs', 72, '8', 167, '2017-08-06 13:10:43', '2017-08-06 07:57:21'),
(1735, '', 'Plastic Pipe', 3, '786', 168, '2017-08-06 13:10:43', '2017-08-06 07:57:21'),
(1736, 'NIV-GS-791024', 'Welding Rod', 1, '983', 166, '2017-08-06 13:10:43', '2017-08-06 07:57:21'),
(1737, '', 'R980NXT/NXTF?NEXTGEN? Swing-Arm 25" Tire Changer', 1, '1', 166, '2017-08-06 13:10:43', '2017-08-06 07:57:21'),
(1738, '', 'Hose Pipe', 1, '9', 166, '2017-08-06 13:10:43', '2017-08-06 07:57:21'),
(1739, '', 'Radial Tyre Repair Patches', 23, '39', 166, '2017-08-06 13:10:43', '2017-08-06 07:57:21'),
(1740, '', 'Puncture repair kit', 19, '8', 166, '2017-08-06 13:10:43', '2017-08-06 07:57:21'),
(1741, '', 'Plug Repair Patches', 23, '39', 166, '2017-08-06 13:10:43', '2017-08-06 07:57:21'),
(1742, '', 'Patch Roller', 1, '9', 166, '2017-08-06 13:10:43', '2017-08-06 07:57:21'),
(1743, '', 'Yellow Tyre Marking Crayon', 23, '39', 166, '2017-08-06 13:10:43', '2017-08-06 07:57:21'),
(1744, '', 'Sharp pointed tyre probe', 1, '9', 166, '2017-08-06 13:10:43', '2017-08-06 07:57:21'),
(1745, '', 'T Handle Heavy Duty Needle Tool with Split Eye', 1, '9', 166, '2017-08-06 13:10:43', '2017-08-06 07:57:21'),
(1746, '', 'String inserts', 23, '39', 166, '2017-08-06 13:10:43', '2017-08-06 07:57:21'),
(1747, 'NIV-ES-2063', 'Tongue Tester ', 1, '1', 167, '2017-08-06 13:10:43', '2017-08-06 07:57:22'),
(1748, 'NIV-ES-2064', 'Gauge manifold with line ', 1, '1', 168, '2017-08-06 13:10:43', '2017-08-06 07:57:22'),
(1749, 'GP-GENSTO-18929\nAVN-NIV-L-77', 'LN Key ', 8, '1', 168, '2017-08-06 13:10:43', '2017-08-06 07:57:22'),
(1750, 'NIV-MT-000133', 'Spanner ', 8, '1', 177, '2017-08-06 13:10:43', '2017-08-06 07:57:22'),
(1751, 'UN-MSN-0317', 'Socket ', 8, '1', 176, '2017-08-06 13:10:43', '2017-08-06 07:57:22'),
(1752, 'NIV-TEMP-0049', 'Adjustable Wrench 12"', 1, '1', 167, '2017-08-06 13:10:43', '2017-08-06 07:57:22'),
(1753, 'GP-GENSTO-16558\n5-85117-001-0-1', 'Adjustable Wrench 8" ', 1, '1', 167, '2017-08-06 13:10:43', '2017-08-06 07:57:22'),
(1754, 'UN-MSN-0423', 'Adjustable Wrench 6" ', 1, '1', 176, '2017-08-06 13:10:43', '2017-08-06 07:57:22'),
(1756, '5120-ZO-150-4977', 'Plair Side Cutting ', 1, '1', 167, '2017-08-06 13:10:43', '2017-08-06 07:57:22'),
(1757, 'GP-GENSTO-02081\nNIV-TEMP-0044', 'Nose Plair', 1, '1', 167, '2017-08-06 13:10:43', '2017-08-06 07:57:22'),
(1758, 'Fx10-15009-T10', 'Flaring tool ', 8, '1', 168, '2017-08-06 13:10:43', '2017-08-06 07:57:22'),
(1759, 'GP-GENSTO-18964\nUN-MSN-0491', 'Tube Cutter ', 1, '5', 178, '2017-08-06 13:10:43', '2017-08-06 07:57:22'),
(1763, '', 'Adapter Auto AC Disch Line', 1, '5', 166, '2017-08-06 13:10:43', '2017-08-06 07:57:22'),
(1764, 'Z29/PZZC/0814/A', 'Adapter Auto AC Sec Line', 1, '5', 166, '2017-08-06 13:10:43', '2017-08-06 07:57:22'),
(1765, 'GP-GENSTO-18964\nUN-mSN-0302', 'Tube Bender', 1, '5', 171, '2017-08-06 13:10:43', '2017-08-06 07:57:22'),
(1766, 'CN/UN-250-0094', 'Helmet Riot Control with Visor Plastic Black Color', 1, '519', 167, '2017-08-06 13:10:43', '2017-08-06 07:57:22'),
(1767, '4240-99-960-7250', 'Face Piece Respirator MK-7 Normal, Protective Gas Mask', 1, '519', 169, '2017-08-06 13:10:43', '2017-08-06 07:57:22'),
(1768, 'KC/UN-250-0287', 'Riot Control Jacket', 1, '519', 167, '2017-08-06 13:10:43', '2017-08-06 07:57:22'),
(1769, 'CC/UN-250-0283', 'Elbow Protection Pad', 9, '519', 169, '2017-08-06 13:10:43', '2017-08-06 07:57:22'),
(1770, 'CC/UN-250-0312', 'Knee Protection Pad', 9, '519', 167, '2017-08-06 13:10:43', '2017-08-06 07:57:22'),
(1771, 'KC/UN-250-0016', 'Baton Stick', 1, '519', 167, '2017-08-06 13:10:43', '2017-08-06 07:57:22'),
(1772, 'KC/UN-250-0168', 'Police Stick', 1, '519', 167, '2017-08-06 13:10:43', '2017-08-06 07:57:22'),
(1773, '', 'Shield (Plastic, transparent)', 1, '0', 167, '2017-08-06 13:10:43', '2017-08-06 07:57:22'),
(1774, 'CC/UN-250-0284', 'Shoulder Protection Black Colour ', 9, '0', 166, '2017-08-06 13:10:43', '2017-08-06 07:57:22'),
(1775, '8465-ZO-210-9232\nNIV-SS-0194', 'Mega Phone', 1, '0', 166, '2017-08-06 13:10:43', '2017-08-06 07:57:22'),
(1776, '4242-ZO-102-8461', 'NBC Canister', 1, '0', 171, '2017-08-06 13:10:43', '2017-08-06 07:57:22'),
(1777, 'H4/UN-250-0173', 'Shield Protection Black Color', 1, '519', 167, '2017-08-06 13:10:43', '2017-08-06 07:57:22'),
(1778, '', 'Mgla Tent/Tent Modified 180 Lbs', 72, '0', 166, '2017-08-06 13:10:43', '2017-08-06 07:57:22'),
(1779, 'UN-MSN-0260', '20? Container Made of Iron size 20? x 8? x 8? (used)', 72, '0', 166, '2017-08-06 13:10:43', '2017-08-06 07:57:22'),
(1780, 'UN-MSN-0297', 'Static Water Tank 6124 lits', 72, '0', 166, '2017-08-06 13:10:43', '2017-08-06 07:57:22'),
(1781, '', 'Waterstorage (greater than 20,000 lits)', 72, '0', 166, '2017-08-06 13:10:43', '2017-08-06 07:57:23'),
(1783, '6115-ZO-211-5209', 'Generators 51-75 KVA IN LIEU 80 KVA', 72, '0', 166, '2017-08-06 13:10:43', '2017-08-06 07:57:23'),
(1784, '6115-ZO-210-5709', 'Generators 80 KVA', 72, '0', 166, '2017-08-06 13:10:43', '2017-08-06 07:57:23'),
(1785, 'UN-MSN-0295', 'Water Treatment Plant (RO)', 72, '0', 166, '2017-08-06 13:10:43', '2017-08-06 07:57:23'),
(1786, '', 'BPJs 2', 72, '0', 166, '2017-08-06 13:10:43', '2017-08-06 07:57:23'),
(1787, '8415-ZO-103-3633', 'LWCH (Already shortlisted)[2] ', 72, '0', 166, '2017-08-06 13:10:43', '2017-08-06 07:57:23'),
(1788, '', '3 Qtr Specs (20x20)', 72, '0', 166, '2017-08-06 13:10:43', '2017-08-06 07:57:23'),
(1789, '', 'Full Specs (18x28)', 72, '0', 166, '2017-08-06 13:10:43', '2017-08-06 07:57:23');

-- --------------------------------------------------------

--
-- Table structure for table `recieved`
--

CREATE TABLE `recieved` (
  `part_no` varchar(150) NOT NULL,
  `item_name` varchar(150) NOT NULL,
  `unit_id` varchar(150) NOT NULL,
  `quantity` int(11) NOT NULL,
  `alp_no` varchar(150) NOT NULL,
  `categorie_id` varchar(150) NOT NULL,
  `po_no` varchar(150) NOT NULL,
  `date` datetime NOT NULL,
  `drs_no` varchar(150) NOT NULL,
  `crv_no` varchar(150) NOT NULL,
  `rate` int(11) NOT NULL,
  `firm` varchar(150) NOT NULL,
  `remarks` varchar(300) NOT NULL
) ENGINE=InnoDB DEFAULT CHARSET=latin1;

--
-- Dumping data for table `recieved`
--

INSERT INTO `recieved` (`part_no`, `item_name`, `unit_id`, `quantity`, `alp_no`, `categorie_id`, `po_no`, `date`, `drs_no`, `crv_no`, `rate`, `firm`, `remarks`) VALUES
('554', '', '7', 1, '11', '177', '1', '0000-00-00 00:00:00', '2017-08-08 13:40:12', '0000', 267, 'cdscdsc', 'dada'),
('5', '5', '7', 5, '20', '170', '6', '2017-08-08 15:11:42', '6', '6', 6, '6', '6'),
('6', '6', '5', 66, '6', '177', '6', '2017-08-08 15:12:19', '6', '6', 6, '6', 'sa');

-- --------------------------------------------------------

--
-- Table structure for table `sales`
--

CREATE TABLE `sales` (
  `id` int(11) UNSIGNED NOT NULL,
  `product_id` int(11) UNSIGNED NOT NULL,
  `qty` int(11) NOT NULL,
  `price` decimal(25,2) NOT NULL,
  `date` date NOT NULL
) ENGINE=InnoDB DEFAULT CHARSET=utf8;

-- --------------------------------------------------------

--
-- Table structure for table `units`
--

CREATE TABLE `units` (
  `id` int(11) UNSIGNED NOT NULL,
  `name` varchar(50) NOT NULL,
  `long_name` varchar(100) NOT NULL
) ENGINE=InnoDB DEFAULT CHARSET=latin1;

--
-- Dumping data for table `units`
--

INSERT INTO `units` (`id`, `name`, `long_name`) VALUES
(1, 'Nos', 'Number'),
(2, 'Dzn', 'Dozen'),
(3, 'Mtrs', 'Meter'),
(4, 'Kgs', 'kilogram'),
(5, 'Lits', 'Litre'),
(6, 'Btls', 'Bottle'),
(7, 'Pkts', 'Packet'),
(8, 'Sets', 'Set'),
(9, 'Pairs', 'Pair'),
(10, 'Sheets', 'Sheet'),
(11, 'Ream', 'Ream'),
(12, 'Pack', 'Pack'),
(13, 'Pad', 'Pad'),
(14, 'Fts', 'Fit (measure)'),
(15, 'coil', 'coil'),
(16, 'Sq Fts', 'Square Fit'),
(17, 'Roll', 'Roll'),
(18, 'Cyl', 'Cylinder'),
(19, 'Kits', 'Kit'),
(20, 'sq mtr', 'Square Meter'),
(21, 'Bag', 'Bag'),
(22, 'Tin', 'Tin'),
(23, 'Box', 'Box'),
(72, 'none', 'none');

-- --------------------------------------------------------

--
-- Table structure for table `users`
--

CREATE TABLE `users` (
  `id` int(11) UNSIGNED NOT NULL,
  `name` varchar(60) NOT NULL,
  `username` varchar(50) NOT NULL,
  `password` varchar(255) NOT NULL,
  `user_level` int(11) NOT NULL,
  `status` int(1) NOT NULL,
  `last_login` datetime DEFAULT NULL
) ENGINE=InnoDB DEFAULT CHARSET=latin1;

--
-- Dumping data for table `users`
--

INSERT INTO `users` (`id`, `name`, `username`, `password`, `user_level`, `status`, `last_login`) VALUES
(1, ' Admin User', 'Admin', 'd033e22ae348aeb5660fc2140aec35850c4da997', 1, 1, '2017-08-21 18:52:23'),
(2, 'Special User', 'special', 'ba36b97a41e7faf742ab09bf88405ac04f99599a', 2, 1, '2017-08-21 08:24:49'),
(3, 'Default User', 'user', '12dea96fec20593566ab75692c9949596833adc9', 3, 1, '2017-08-21 08:24:22');

-- --------------------------------------------------------

--
-- Table structure for table `user_groups`
--

CREATE TABLE `user_groups` (
  `id` int(11) NOT NULL,
  `group_name` varchar(150) NOT NULL,
  `group_level` int(11) NOT NULL,
  `group_status` int(1) NOT NULL
) ENGINE=InnoDB DEFAULT CHARSET=latin1;

--
-- Dumping data for table `user_groups`
--

INSERT INTO `user_groups` (`id`, `group_name`, `group_level`, `group_status`) VALUES
(1, 'Admin', 1, 1),
(2, 'special', 2, 1),
(3, 'User', 3, 1);

--
-- Indexes for dumped tables
--

--
-- Indexes for table `categories`
--
ALTER TABLE `categories`
  ADD PRIMARY KEY (`id`),
  ADD UNIQUE KEY `name` (`name`);

--
-- Indexes for table `products`
--
ALTER TABLE `products`
  ADD PRIMARY KEY (`id`),
  ADD UNIQUE KEY `name` (`item_name`),
  ADD KEY `categorie_id` (`categorie_id`),
  ADD KEY `unit_id` (`unit_id`);

--
-- Indexes for table `sales`
--
ALTER TABLE `sales`
  ADD PRIMARY KEY (`id`),
  ADD KEY `product_id` (`product_id`);

--
-- Indexes for table `units`
--
ALTER TABLE `units`
  ADD PRIMARY KEY (`id`),
  ADD UNIQUE KEY `UNIQUE` (`name`);

--
-- Indexes for table `users`
--
ALTER TABLE `users`
  ADD PRIMARY KEY (`id`),
  ADD KEY `user_level` (`user_level`);

--
-- Indexes for table `user_groups`
--
ALTER TABLE `user_groups`
  ADD PRIMARY KEY (`id`),
  ADD UNIQUE KEY `group_level` (`group_level`);

--
-- AUTO_INCREMENT for dumped tables
--

--
-- AUTO_INCREMENT for table `categories`
--
ALTER TABLE `categories`
  MODIFY `id` int(11) UNSIGNED NOT NULL AUTO_INCREMENT, AUTO_INCREMENT=181;
--
-- AUTO_INCREMENT for table `products`
--
ALTER TABLE `products`
  MODIFY `id` int(11) UNSIGNED NOT NULL AUTO_INCREMENT, AUTO_INCREMENT=1790;
--
-- AUTO_INCREMENT for table `sales`
--
ALTER TABLE `sales`
  MODIFY `id` int(11) UNSIGNED NOT NULL AUTO_INCREMENT;
--
-- AUTO_INCREMENT for table `units`
--
ALTER TABLE `units`
  MODIFY `id` int(11) UNSIGNED NOT NULL AUTO_INCREMENT, AUTO_INCREMENT=73;
--
-- AUTO_INCREMENT for table `users`
--
ALTER TABLE `users`
  MODIFY `id` int(11) UNSIGNED NOT NULL AUTO_INCREMENT, AUTO_INCREMENT=4;
--
-- AUTO_INCREMENT for table `user_groups`
--
ALTER TABLE `user_groups`
  MODIFY `id` int(11) NOT NULL AUTO_INCREMENT, AUTO_INCREMENT=4;
--
-- Constraints for dumped tables
--

--
-- Constraints for table `products`
--
ALTER TABLE `products`
  ADD CONSTRAINT `FK_products` FOREIGN KEY (`categorie_id`) REFERENCES `categories` (`id`) ON DELETE CASCADE ON UPDATE CASCADE,
  ADD CONSTRAINT `FK_products_units` FOREIGN KEY (`unit_id`) REFERENCES `units` (`id`) ON DELETE CASCADE ON UPDATE CASCADE;

--
-- Constraints for table `sales`
--
ALTER TABLE `sales`
  ADD CONSTRAINT `SK` FOREIGN KEY (`product_id`) REFERENCES `products` (`id`) ON DELETE CASCADE ON UPDATE CASCADE;

--
-- Constraints for table `users`
--
ALTER TABLE `users`
  ADD CONSTRAINT `FK_user` FOREIGN KEY (`user_level`) REFERENCES `user_groups` (`group_level`) ON DELETE CASCADE ON UPDATE CASCADE;

/*!40101 SET CHARACTER_SET_CLIENT=@OLD_CHARACTER_SET_CLIENT */;
/*!40101 SET CHARACTER_SET_RESULTS=@OLD_CHARACTER_SET_RESULTS */;
/*!40101 SET COLLATION_CONNECTION=@OLD_COLLATION_CONNECTION */;
